barcode,total_counts,n_genes,mito_fraction
AAACATACAACCAC-1,2421.0,781,0.0302
AAACATTGAGCTAC-1,4903.0,1352,0.0379
AAACATTGATCAGC-1,3149.0,1131,0.0089
AAACCGTGCTTCCG-1,2639.0,960,0.0174
AAACCGTGTATGCG-1,981.0,522,0.0122
AAACGCACTGGTAC-1,2164.0,782,0.0166
AAACGCTGACCAGT-1,2176.0,783,0.0381
AAACGCTGGTTCTT-1,2260.0,790,0.031
AAACGCTGTAGCCA-1,1276.0,533,0.0118
AAACGCTGTTTCTG-1,1103.0,550,0.029
AAACTTGAAAAACG-1,3918.0,1116,0.0263
AAACTTGATCCAGA-1,2392.0,751,0.0109
AAAGAGACGAGATA-1,2412.0,866,0.0108
AAAGAGACGCGAGA-1,3034.0,1059,0.0142
AAAGAGACGGACTT-1,1152.0,458,0.0234
AAAGAGACGGCATT-1,792.0,335,0.024
AAAGATCTGGGCAA-1,1348.0,552,0.0593
AAAGCAGAAGCCAT-1,1158.0,567,0.0509
AAAGCAGATATCGG-1,4586.0,1424,0.014
AAAGCCTGTATGCG-1,2929.0,1014,0.0171
AAAGGCCTGTCTAG-1,4974.0,1446,0.0153
AAAGTTTGATCACG-1,1270.0,446,0.0346
AAAGTTTGGGGTGA-1,3286.0,1020,0.0259
AAAGTTTGTAGAGA-1,1102.0,417,0.0154
AAAGTTTGTAGCGT-1,2684.0,878,0.025
AAATCAACAATGCC-1,2321.0,789,0.0116
AAATCAACACCAGT-1,1414.0,510,0.0198
AAATCAACCAGGAG-1,2801.0,824,0.0225
AAATCAACCCTATT-1,5680.0,1545,0.0243
AAATCAACGGAAGC-1,3473.0,996,0.0176
AAATCAACTCGCAA-1,2812.0,937,0.0185
AAATCATGACCACA-1,4128.0,1368,0.0458
AAATCCCTCCACAA-1,956.0,428,0.0199
AAATCCCTGCTATG-1,822.0,406,0.017
AAATGTTGAACGAA-1,3211.0,1020,0.0193
AAATGTTGCCACAA-1,1761.0,786,0.0062
AAATGTTGTGGCAT-1,2763.0,1019,0.0192
AAATTCGAAGGTTC-1,2741.0,750,0.0223
AAATTCGAATCACG-1,2567.0,822,0.0199
AAATTCGAGCTGAT-1,2971.0,982,0.0219
AAATTCGAGGAGTG-1,2981.0,876,0.0248
AAATTCGATTCTCA-1,2643.0,930,0.0144
AAATTGACACGACT-1,2359.0,838,0.0212
AAATTGACTCGCTC-1,3412.0,1014,0.0149
AACAAACTCATTTC-1,2179.0,732,0.0142
AACAAACTTTCGTT-1,2688.0,877,0.0171
AACAATACGACGAG-1,2104.0,782,0.0299
AACACGTGCAGAGG-1,1801.0,787,0.0089
AACACGTGGAAAGT-1,2632.0,791,0.0103
AACACGTGGAACCT-1,2280.0,880,0.0224
AACACGTGGCTACA-1,2653.0,801,0.0241
AACACGTGTACGAC-1,3571.0,1215,0.0274
AACAGCACAAGAGT-1,689.0,343,0.0247
AACATTGATGGGAG-1,4713.0,1460,0.0316
AACCAGTGATACCG-1,3841.0,1250,0.0279
AACCCAGATCGCTC-1,2343.0,756,0.0111
AACCGATGCTCCCA-1,2295.0,836,0.0366
AACCGATGGTCATG-1,2633.0,824,0.0209
AACCGATGTTCTAC-1,2296.0,827,0.0257
AACCGCCTAGCGTT-1,3391.0,1238,0.0165
AACCGCCTCTACGA-1,3998.0,1243,0.0348
AACCTACTGTGAGG-1,5687.0,1652,0.0158
AACCTACTGTGTTG-1,2675.0,843,0.0265
AACCTTACGAGACG-1,2771.0,825,0.0253
AACCTTACGCGAGA-1,1248.0,656,0.0473
AACCTTACTAACGC-1,1947.0,776,0.0169
AACCTTTGGACGGA-1,2078.0,766,0.013
AACCTTTGTACGCA-1,4621.0,1465,0.0197
AACGCAACAAGTAG-1,2049.0,790,0.0151
AACGCATGACCCAA-1,2778.0,871,0.022
AACGCATGCCTTCG-1,2866.0,803,0.0269
AACGCATGTACTTC-1,2915.0,965,0.0141
AACGCCCTCGGGAA-1,2503.0,800,0.022
AACGCCCTCGTACA-1,1915.0,876,0.0141
AACGCCCTGCTTAG-1,1074.0,420,0.054
AACGCCCTGGCATT-1,1442.0,690,0.0277
AACGTCGAGTATCG-1,2149.0,988,0.02
AACGTGTGAAAGCA-1,2820.0,906,0.0245
AACGTGTGGCGGAA-1,2071.0,741,0.0208
AACGTGTGTCCAAG-1,1665.0,620,0.0246
AACGTGTGTGCTTT-1,1933.0,867,0.0124
AACTACCTTAGAGA-1,2876.0,916,0.015
AACTCACTCAAGCT-1,2607.0,969,0.0315
AACTCACTTGGAGG-1,2124.0,803,0.0151
AACTCGGAAAGTGA-1,1840.0,732,0.0364
AACTCGGAAGGTCT-1,1290.0,555,0.024
AACTCTTGCAGGAG-1,2103.0,790,0.01
AACTGTCTCCCTTG-1,2331.0,862,0.0219
AACTTGCTACGCTA-1,2336.0,900,0.0265
AACTTGCTGGGACA-1,1864.0,674,0.022
AAGAACGAGTGTTG-1,780.0,397,0.0141
AAGAAGACGTAGGG-1,1440.0,663,0.0208
AAGACAGAAGTCTG-1,1125.0,563,0.0187
AAGACAGAGGATCT-1,2315.0,786,0.0125
AAGACAGATTACCT-1,2309.0,859,0.0247
AAGAGATGGGTAGG-1,1346.0,568,0.0208
AAGATGGAAAACAG-1,878.0,412,0.0251
AAGATGGAGAACTC-1,3117.0,1043,0.017
AAGATGGAGATAAG-1,4023.0,1206,0.0393
AAGATTACAACCTG-1,2119.0,702,0.017
AAGATTACAGATCC-1,4065.0,1263,0.0148
AAGATTACCCGTTC-1,2763.0,929,0.0257
AAGATTACCGCCTT-1,3063.0,1079,0.0176
AAGATTACCTCAAG-1,2280.0,938,0.0246
AAGATTACTCCTCG-1,642.0,316,0.0265
AAGCAAGAGCGAGA-1,2480.0,900,0.023
AAGCAAGAGCTTAG-1,2171.0,919,0.0221
AAGCAAGAGGTGTT-1,1698.0,862,0.0171
AAGCACTGAGCAAA-1,3239.0,903,0.0272
AAGCACTGCATACG-1,803.0,390,0.0012
AAGCACTGGTTCTT-1,6157.0,1717,0.0236
AAGCCAACGTGTTG-1,2764.0,819,0.0145
AAGCCATGACACGT-1,1538.0,660,0.015
AAGCCATGCGTGAT-1,2111.0,791,0.0109
AAGCCATGTCTCGC-1,909.0,478,0.0352
AAGCCTGACATGCA-1,1790.0,769,0.0179
AAGCCTGACCGAAT-1,1048.0,481,0.02
AAGCGACTCCTCAC-1,2103.0,819,0.0171
AAGCGACTGTGTCA-1,3131.0,866,0.016
AAGCGACTTACAGC-1,1494.0,600,0.0181
AAGCGACTTTGACG-1,3668.0,1185,0.0153
AAGCGTACGTCTTT-1,2048.0,650,0.0391
AAGGCTTGCGAACT-1,2076.0,775,0.0092
AAGGTCACGGTTAC-1,1870.0,699,0.0246
AAGGTCACTGTTTC-1,1775.0,642,0.0186
AAGGTCACTTCCCG-1,2387.0,857,0.0247
AAGGTCTGACAGTC-1,2589.0,832,0.039
AAGGTCTGCAGATC-1,968.0,388,0.0083
AAGGTCTGGTATGC-1,715.0,351,0.0503
AAGTAACTCTGAAC-1,1874.0,710,0.0219
AAGTAACTGAGATA-1,659.0,341,0.0061
AAGTAGGATACAGC-1,1725.0,894,0.0186
AAGTATACCGAACT-1,3253.0,935,0.0184
AAGTCCGACTTGTT-1,1523.0,604,0.0243
AAGTCCGATAGAAG-1,3369.0,1008,0.0184
AAGTCTCTAGTCGT-1,3287.0,985,0.0237
AAGTCTCTCGGAGA-1,1838.0,679,0.0305
AAGTGGCTTGGAGG-1,1572.0,603,0.0204
AAGTTCCTCATTCT-1,2336.0,864,0.0197
AAGTTCCTTCTTAC-1,3265.0,1031,0.0294
AATAAGCTCGAATC-1,2760.0,887,0.0236
AATAAGCTCGTTGA-1,1606.0,603,0.0131
AATACCCTGGACGA-1,1501.0,610,0.022
AATACCCTGGCATT-1,3310.0,1119,0.0157
AATACTGAAAGGGC-1,1747.0,669,0.0103
AATACTGAATTGGC-1,1816.0,794,0.0193
AATAGGGAACCCTC-1,2877.0,963,0.0156
AATAGGGAGAATGA-1,1864.0,756,0.0359
AATCAAACTATCGG-1,1457.0,637,0.0226
AATCCGGAATGCTG-1,2805.0,1032,0.015
AATCCTACCGGTAT-1,2440.0,776,0.0254
AATCCTTGACGGGA-1,2533.0,860,0.0237
AATCCTTGGTGAGG-1,1754.0,825,0.0125
AATCGGTGGAACTC-1,1955.0,852,0.0215
AATCGGTGTGCTTT-1,1896.0,745,0.0195
AATCTAGAAAAGTG-1,2582.0,858,0.0198
AATCTAGAATCGGT-1,3168.0,925,0.0221
AATCTCACAGCCTA-1,3553.0,1228,0.0214
AATCTCACTCTAGG-1,2149.0,806,0.0084
AATCTCTGAACAGA-1,2183.0,715,0.016
AATCTCTGCTTTAC-1,1710.0,668,0.0181
AATGATACACCAAC-1,1918.0,779,0.0073
AATGATACGGTCAT-1,3095.0,1197,0.02
AATGCGTGACACCA-1,2866.0,888,0.0161
AATGCGTGGACGGA-1,4439.0,1273,0.0212
AATGCGTGGCTATG-1,2225.0,873,0.0207
AATGGAGAATCGTG-1,2381.0,847,0.0328
AATGGAGATCCTTA-1,1959.0,781,0.0255
AATGGCTGACACCA-1,3038.0,959,0.0237
AATGGCTGCGTGAT-1,2211.0,805,0.0199
AATGGCTGTAAAGG-1,1286.0,554,0.0482
AATGGCTGTACTCT-1,1208.0,604,0.0497
AATGGCTGTGAAGA-1,2145.0,785,0.0266
AATGTAACGGTGGA-1,3047.0,978,0.0056
AATGTAACGTTTGG-1,1130.0,537,0.0522
AATGTCCTCTTCTA-1,3322.0,910,0.0166
AATGTTGACAGTCA-1,2739.0,936,0.0197
AATGTTGAGTTGAC-1,2996.0,997,0.015
AATGTTGATCTACT-1,2673.0,961,0.0172
AATTACGAATTCCT-1,4511.0,1314,0.0188
AATTACGACTTCTA-1,2569.0,799,0.0117
AATTACGAGTAGCT-1,2712.0,997,0.0546
AATTACGAGTGAGG-1,3467.0,1112,0.0092
AATTACGATTGGCA-1,1731.0,677,0.0358
AATTCCTGCTCAGA-1,1800.0,775,0.0239
AATTGATGTCGCAA-1,3973.0,1298,0.031
AATTGTGACTTGGA-1,1973.0,657,0.0172
ACAAAGGAGGGTGA-1,2019.0,626,0.0248
ACAAATTGATTCTC-1,4094.0,1313,0.0264
ACAAATTGCTCAGA-1,955.0,467,0.0283
ACAAATTGTTGCGA-1,2326.0,936,0.0262
ACAACCGAGGGATG-1,2384.0,977,0.0176
ACAACCGAGTTACG-1,2106.0,780,0.018
ACAAGAGAAGTCGT-1,4145.0,1311,0.0318
ACAAGAGACTTATC-1,948.0,432,0.0443
ACAAGAGAGTTGAC-1,1624.0,579,0.0443
ACAATCCTAACCGT-1,2317.0,850,0.0147
ACAATCCTTAGCGT-1,1847.0,736,0.0347
ACAATTGACTGACA-1,2165.0,800,0.0217
ACAATTGATGACTG-1,1871.0,892,0.0187
ACACAGACACCTGA-1,551.0,299,0.0617
ACACAGACCATACG-1,2024.0,860,0.0222
ACACCAGAGGGCAA-1,1769.0,720,0.013
ACACCCTGGTGTTG-1,1808.0,822,0.0138
ACACGAACAGTTCG-1,1524.0,681,0.0157
ACACGATGACGCAT-1,2060.0,954,0.0277
ACACGATGATGTGC-1,2314.0,889,0.0346
ACACGATGTCGTAG-1,3652.0,1265,0.0192
ACACGATGTGGTCA-1,2311.0,919,0.0169
ACAGACACGGCATT-1,2139.0,799,0.0313
ACAGACACGTTGTG-1,1984.0,833,0.0101
ACAGCAACACCTAG-1,1046.0,496,0.0182
ACAGCAACCTCAAG-1,4435.0,1476,0.0203
ACAGGTACCCCACT-1,2729.0,848,0.0103
ACAGGTACGCTGTA-1,2220.0,869,0.0315
ACAGGTACTGGTGT-1,1886.0,1059,0.0127
ACAGTCGACCCAAA-1,1010.0,490,0.0228
ACAGTCGACCGATA-1,2070.0,897,0.0101
ACAGTGACTCACCC-1,2162.0,832,0.0116
ACAGTGACTCTATC-1,2131.0,864,0.0413
ACAGTGTGGTCACA-1,964.0,419,0.0228
ACAGTGTGTTGCGA-1,2274.0,856,0.0224
ACATCACTCTACTT-1,2503.0,907,0.0192
ACATGGTGAAGCCT-1,2165.0,791,0.012
ACATGGTGCAACCA-1,2147.0,756,0.0275
ACATGGTGCGAGTT-1,2048.0,771,0.0117
ACATGGTGCGTTGA-1,1562.0,690,0.0538
ACATTCTGGCATAC-1,2850.0,957,0.0161
ACATTCTGGGAACG-1,3716.0,1190,0.0167
ACCAACGACATGCA-1,2115.0,680,0.0142
ACCACAGAAAGTAG-1,1457.0,524,0.0323
ACCACAGAGTTGGT-1,2860.0,908,0.0122
ACCACCTGTGTGCA-1,1177.0,506,0.017
ACCACGCTACAGCT-1,2532.0,851,0.0162
ACCACGCTACCCAA-1,1936.0,775,0.0248
ACCACGCTGCGAGA-1,1979.0,793,0.0237
ACCACGCTGCTGTA-1,2009.0,748,0.0358
ACCAGCCTGACAGG-1,2569.0,951,0.0148
ACCAGTGAACGGTT-1,1730.0,643,0.0335
ACCAGTGAATACCG-1,3871.0,1277,0.032
ACCAGTGAGGGATG-1,2445.0,828,0.009
ACCAGTGATGACTG-1,1223.0,480,0.0278
ACCATTACCTTCTA-1,3415.0,969,0.019
ACCATTACGAGATA-1,2712.0,1112,0.0077
ACCATTTGTCATTC-1,1647.0,648,0.02
ACCCAAGAACTGTG-1,1704.0,805,0.0211
ACCCAAGAATTCCT-1,3563.0,1223,0.0149
ACCCAAGAGGACAG-1,2976.0,1023,0.0111
ACCCAAGATTCACT-1,1976.0,669,0.0288
ACCCACTGCGCCTT-1,986.0,489,0.0274
ACCCACTGGACAGG-1,863.0,390,0.0243
ACCCACTGGTTCAG-1,568.0,350,0.0123
ACCCACTGTCGTAG-1,2874.0,1113,0.0313
ACCCAGCTCAGAAA-1,2389.0,837,0.0188
ACCCAGCTGTTAGC-1,5535.0,1547,0.0206
ACCCAGCTTGCTTT-1,2495.0,840,0.0044
ACCCGTTGATGACC-1,1508.0,581,0.0292
ACCCGTTGCTGCAA-1,2158.0,748,0.0074
ACCCGTTGCTTCTA-1,6092.0,1861,0.0143
ACCCTCGACCTATT-1,1727.0,735,0.022
ACCCTCGACGGTAT-1,1245.0,488,0.0185
ACCCTCGATAAGGA-1,2847.0,1016,0.0263
ACCCTCGATCAAGC-1,1444.0,585,0.0284
ACCGTGCTACCAGT-1,1938.0,797,0.0155
ACCGTGCTGGAACG-1,1909.0,769,0.022
ACCTATTGCTGAGT-1,1190.0,490,0.0261
ACCTATTGTGCCCT-1,4060.0,1307,0.0276
ACCTCCGAGTCCTC-1,2426.0,895,0.0107
ACCTCCGATATGCG-1,1789.0,686,0.0257
ACCTCCGATGCTGA-1,1789.0,602,0.0229
ACCTCGTGAACCAC-1,1969.0,772,0.03
ACCTGAGATATCGG-1,1524.0,704,0.0374
ACCTGGCTAAGTAG-1,1870.0,892,0.0289
ACCTGGCTGTCTTT-1,836.0,446,0.0526
ACCTTTGACTCCCA-1,3056.0,1169,0.0223
ACCTTTGAGGAACG-1,4145.0,1375,0.0331
ACCTTTGAGGAAGC-1,3696.0,1189,0.017
ACGAACACCTTGTT-1,1736.0,892,0.0132
ACGAAGCTCTCCAC-1,796.0,355,0.0101
ACGACCCTATCTCT-1,4077.0,1317,0.0206
ACGACCCTGATGAA-1,2014.0,703,0.0303
ACGACCCTTGACAC-1,2795.0,825,0.0165
ACGACCCTTGACCA-1,2314.0,736,0.0272
ACGAGGGACGAACT-1,2762.0,892,0.025
ACGAGGGATGTAGC-1,3053.0,1034,0.0239
ACGAGTACCCTAAG-1,1261.0,545,0.0182
ACGAGTACGAATCC-1,3621.0,1188,0.0157
ACGATCGAGGACTT-1,1607.0,659,0.0093
ACGATCGAGTCACA-1,3066.0,1056,0.0199
ACGATGACAATGCC-1,2246.0,819,0.0205
ACGATGACTGGTCA-1,2634.0,979,0.0182
ACGATTCTACGGGA-1,1606.0,632,0.0342
ACGCAATGGTTCAG-1,1227.0,598,0.0261
ACGCACCTGTTAGC-1,1687.0,690,0.0213
ACGCCACTGAACTC-1,602.0,310,0.0
ACGCCGGAAACCAC-1,2243.0,803,0.0227
ACGCCGGAAAGCCT-1,2145.0,743,0.0089
ACGCCGGAAATGCC-1,1102.0,560,0.0227
ACGCCTTGCTCCCA-1,2774.0,1073,0.0303
ACGCGGTGGCGAGA-1,2432.0,844,0.0206
ACGCGGTGTGTGGT-1,2604.0,882,0.0227
ACGCGGTGTTTGCT-1,2145.0,841,0.0163
ACGCTCACAGTACC-1,2367.0,815,0.027
ACGCTCACCCTTGC-1,2165.0,771,0.0231
ACGCTGCTGTTCTT-1,1956.0,976,0.0107
ACGGAACTCAGATC-1,2155.0,986,0.0186
ACGGAACTGTCGTA-1,2153.0,820,0.039
ACGGAGGACTCTTA-1,2614.0,957,0.0287
ACGGATTGGGAGGT-1,1655.0,640,0.0278
ACGGATTGGTTAGC-1,3068.0,1012,0.0183
ACGGCTCTGAGCAG-1,2389.0,927,0.0251
ACGGCTCTTGCACA-1,2535.0,794,0.0189
ACGGTAACCGCTAA-1,1867.0,753,0.0268
ACGGTAACCTTCGC-1,1944.0,791,0.0231
ACGGTAACGGTGGA-1,811.0,366,0.0419
ACGGTAACTCGCAA-1,1213.0,539,0.0223
ACGGTATGAGTCGT-1,1764.0,752,0.0244
ACGGTATGGGTATC-1,2149.0,769,0.0382
ACGGTATGGTTGTG-1,1947.0,650,0.0226
ACGGTCCTAACGGG-1,2197.0,947,0.0137
ACGGTCCTCGGGAA-1,2254.0,771,0.0235
ACGTAGACAACCAC-1,2028.0,824,0.0099
ACGTAGACTACAGC-1,1829.0,744,0.0175
ACGTCAGAAACGAA-1,2167.0,837,0.0217
ACGTCAGAGAGCTT-1,1911.0,723,0.0241
ACGTCAGAGGGATG-1,1541.0,640,0.0149
ACGTCCTGATAAGG-1,2627.0,923,0.035
ACGTCCTGTGAACC-1,3303.0,1174,0.0242
ACGTCGCTCCTGAA-1,3932.0,1597,0.0186
ACGTCGCTCTATTC-1,1585.0,699,0.0341
ACGTCGCTTCTCAT-1,1602.0,618,0.025
ACGTGATGCCATGA-1,5441.0,1418,0.0263
ACGTGATGGGTCTA-1,2638.0,820,0.019
ACGTGATGTAACCG-1,2976.0,1047,0.0155
ACGTGATGTGACAC-1,2135.0,981,0.0319
ACGTGCCTCCGTAA-1,2177.0,866,0.0138
ACGTGCCTTCTATC-1,1081.0,527,0.037
ACGTTACTTTCCAT-1,1968.0,762,0.0163
ACGTTGGAAAAGCA-1,2187.0,717,0.0192
ACGTTGGAAACCTG-1,2217.0,860,0.0401
ACGTTGGACCGTAA-1,1383.0,603,0.0246
ACGTTGGAGCCAAT-1,1780.0,828,0.0225
ACGTTGGATATGGC-1,1052.0,476,0.0124
ACGTTGGATCAGGT-1,2801.0,1071,0.015
ACGTTTACATCAGC-1,2368.0,775,0.0156
ACTAAAACCCACAA-1,1268.0,614,0.0142
ACTAAAACTCGACA-1,2584.0,913,0.0209
ACTACGGAATTTCC-1,2188.0,836,0.0192
ACTACGGACCTATT-1,1804.0,669,0.0266
ACTACGGATCGCTC-1,2471.0,942,0.0138
ACTACTACTAAGGA-1,2339.0,792,0.0239
ACTAGGTGGAACCT-1,1980.0,871,0.0136
ACTAGGTGGAACTC-1,3531.0,1046,0.017
ACTATCACCTTGGA-1,2050.0,859,0.0307
ACTATCACTGCCAA-1,2222.0,793,0.0167
ACTCAGGACTGAAC-1,2160.0,822,0.0056
ACTCAGGATCTATC-1,1870.0,751,0.015
ACTCAGGATTCGTT-1,1009.0,435,0.0198
ACTCCTCTCAACTG-1,3267.0,1142,0.0208
ACTCGCACGAAAGT-1,1824.0,781,0.0164
ACTCGCACTACGAC-1,1872.0,718,0.0112
ACTCTCCTGACACT-1,1237.0,471,0.0291
ACTCTCCTGCATAC-1,5861.0,1750,0.0174
ACTCTCCTGTTTGG-1,2755.0,892,0.0192
ACTGAGACAACCAC-1,1944.0,841,0.0355
ACTGAGACCCATAG-1,3635.0,1156,0.0179
ACTGAGACGTTGGT-1,3991.0,1031,0.0175
ACTGCCACACACGT-1,2120.0,912,0.016
ACTGCCACTCCGTC-1,1739.0,873,0.0408
ACTGGCCTTCAGTG-1,1656.0,824,0.0205
ACTGTGGACGTGTA-1,3185.0,1233,0.021
ACTGTGGATCTAGG-1,4412.0,1312,0.0229
ACTGTTACCCACAA-1,1262.0,575,0.0325
ACTGTTACTGCAGT-1,1658.0,605,0.0229
ACTTAAGAACCACA-1,2297.0,717,0.0226
ACTTAAGACCACAA-1,1629.0,665,0.0583
ACTTAAGATTACTC-1,2822.0,1019,0.0287
ACTTAGCTGCGTAT-1,3267.0,1215,0.0156
ACTTAGCTGGGAGT-1,2502.0,928,0.0092
ACTTCAACAAGCAA-1,5419.0,1780,0.0308
ACTTCAACGTAGGG-1,1259.0,657,0.0111
ACTTCCCTTTCCGC-1,2072.0,718,0.013
ACTTCTGACATGCA-1,1655.0,646,0.0435
ACTTGACTCCACAA-1,1999.0,808,0.016
ACTTGGGAGAAAGT-1,3624.0,1120,0.029
ACTTGGGAGGTTTG-1,1645.0,750,0.0176
ACTTGGGATGTGAC-1,792.0,390,0.0013
ACTTGGGATTGACG-1,3111.0,1100,0.0235
ACTTGTACCCGAAT-1,2501.0,911,0.056
ACTTGTACCTGTCC-1,1149.0,456,0.0122
ACTTTGTGCGATAC-1,600.0,267,0.08
ACTTTGTGGAAAGT-1,2368.0,755,0.0114
ACTTTGTGGATAGA-1,3145.0,1118,0.014
AGAAACGAAAGTAG-1,1430.0,571,0.0287
AGAAAGTGCGCAAT-1,3021.0,867,0.0202
AGAAAGTGGGGATG-1,1968.0,728,0.0163
AGAACAGAAATGCC-1,1879.0,916,0.017
AGAACAGACGACTA-1,981.0,491,0.0255
AGAACAGAGACAAA-1,3002.0,960,0.0173
AGAACGCTTTGCTT-1,1763.0,625,0.0216
AGAAGATGTGACTG-1,3604.0,1090,0.01
AGAATGGAAGAAGT-1,2052.0,772,0.0102
AGAATTTGTAACCG-1,3259.0,968,0.0107
AGAATTTGTAGAGA-1,1428.0,480,0.0413
AGACACACTGTAGC-1,2229.0,810,0.013
AGACACTGTCAAGC-1,1944.0,725,0.017
AGACCTGAAGTAGA-1,2595.0,1016,0.0204
AGACCTGACCAACA-1,2999.0,1011,0.0297
AGACCTGAGGAAGC-1,2875.0,1075,0.0188
AGACGTACAGAGGC-1,2193.0,808,0.0128
AGACGTACCCCTAC-1,1517.0,672,0.031
AGACGTACCTCTTA-1,2886.0,950,0.0419
AGACGTACTCGTGA-1,2242.0,862,0.0415
AGACTGACCATCAG-1,1895.0,766,0.0343
AGACTGACCCTTTA-1,2911.0,963,0.0271
AGACTTCTCATGCA-1,1302.0,507,0.0284
AGAGATGACAGTCA-1,1340.0,570,0.0321
AGAGATGACTGAAC-1,1974.0,678,0.0238
AGAGATGAGGTTTG-1,2060.0,768,0.0286
AGAGATGATCTCGC-1,3371.0,1037,0.0365
AGAGATGATTGTGG-1,2339.0,885,0.0158
AGAGCGGAGGCAAG-1,5230.0,1426,0.0136
AGAGTCTGGTCGTA-1,4469.0,1496,0.0356
AGAGTGCTCAGCTA-1,1566.0,587,0.0192
AGAGTGCTCGAATC-1,2532.0,879,0.0197
AGAGTGCTGTCATG-1,3580.0,924,0.0151
AGAGTGCTGTCCTC-1,1944.0,783,0.0211
AGAGTGCTGTGTTG-1,1635.0,696,0.0324
AGATATACCCGTAA-1,2260.0,1057,0.015
AGATATACGATGAA-1,2386.0,783,0.0482
AGATATACTGTTCT-1,2358.0,867,0.0119
AGATATTGCCTACC-1,2395.0,919,0.01
AGATATTGGCCAAT-1,4076.0,1251,0.0145
AGATCGTGTCTGGA-1,2988.0,1023,0.0117
AGATCGTGTTTGTC-1,1844.0,727,0.0119
AGATCTCTATCACG-1,1501.0,645,0.0273
AGATTAACGTTCTT-1,3876.0,1217,0.0232
AGATTCCTATCGTG-1,2499.0,929,0.0084
AGATTCCTCACTTT-1,2200.0,792,0.0273
AGATTCCTGACGAG-1,2736.0,994,0.026
AGATTCCTGTTCAG-1,2318.0,1025,0.0319
AGCAAAGATATGCG-1,2434.0,946,0.0226
AGCACAACAGTCTG-1,1625.0,600,0.0209
AGCACTGAGGGAGT-1,2621.0,881,0.0092
AGCACTGATATGCG-1,2297.0,975,0.0091
AGCACTGATGCTTT-1,5153.0,1609,0.0219
AGCACTGATTGCGA-1,2158.0,758,0.0185
AGCATCGAAGATCC-1,1726.0,772,0.0238
AGCATCGAAGGGTG-1,2172.0,682,0.0166
AGCATCGAGCTTCC-1,2587.0,998,0.0394
AGCATCGAGTGAGG-1,2979.0,979,0.0175
AGCATCGATAACCG-1,2780.0,1045,0.0137
AGCATGACGATGAA-1,1870.0,706,0.0209
AGCCAATGGGGAGT-1,1876.0,808,0.016
AGCCAATGTATCTC-1,2617.0,855,0.018
AGCCACCTGGATCT-1,1983.0,819,0.0222
AGCCGGTGCCAATG-1,3729.0,1147,0.0107
AGCCGGTGTGTTTC-1,2196.0,742,0.0146
AGCCGTCTCAATCG-1,2919.0,914,0.0428
AGCCGTCTGAGAGC-1,3005.0,969,0.026
AGCCTCACGTTCGA-1,2157.0,704,0.0167
AGCCTCACTGTCAG-1,4816.0,1398,0.0141
AGCCTCTGCAGTTG-1,1473.0,581,0.0251
AGCCTCTGCCAATG-1,1679.0,809,0.0167
AGCGAACTGGATCT-1,3139.0,921,0.0268
AGCGAACTTACTGG-1,2117.0,805,0.0142
AGCGATACGGAGCA-1,1590.0,542,0.0195
AGCGATTGAGATCC-1,1919.0,888,0.0219
AGCGCCGAATCTCT-1,1279.0,519,0.0125
AGCGCCGACAGAGG-1,2678.0,1092,0.0164
AGCGCTCTACCTTT-1,1767.0,762,0.0147
AGCGGCACCGGGAA-1,2103.0,698,0.0162
AGCGGCTGATGTGC-1,2269.0,752,0.0163
AGCGGGCTTGCCAA-1,2244.0,771,0.0152
AGCGTAACATGCTG-1,2424.0,899,0.0194
AGCGTAACTGAGAA-1,3081.0,1101,0.0198
AGCTCGCTACTGGT-1,2531.0,760,0.0209
AGCTCGCTCTGCTC-1,2673.0,881,0.0146
AGCTGAACCATACG-1,3218.0,1124,0.0376
AGCTGAACCTCTCG-1,2320.0,809,0.019
AGCTGCCTTGGGAG-1,1037.0,445,0.0444
AGCTGCCTTTCATC-1,5212.0,1703,0.0295
AGCTGCCTTTCTGT-1,2282.0,789,0.0206
AGCTGTGATCCAAG-1,1551.0,641,0.0361
AGCTTTACAAGTAG-1,2261.0,819,0.0164
AGCTTTACACCAAC-1,2114.0,890,0.0312
AGCTTTACTCTCAT-1,2570.0,767,0.016
AGGAAATGAGGAGC-1,1880.0,806,0.0069
AGGAACCTCTTAGG-1,3844.0,1323,0.0294
AGGAACCTTGCCTC-1,2188.0,942,0.0187
AGGAATGATAACGC-1,1975.0,807,0.0278
AGGAATGATTTGTC-1,2648.0,981,0.0132
AGGAGTCTGGTTTG-1,2508.0,888,0.0239
AGGAGTCTTGTCAG-1,1978.0,726,0.0162
AGGATAGACATTTC-1,4146.0,1190,0.0111
AGGATAGAGGATTC-1,1963.0,826,0.0107
AGGATGCTACTAGC-1,1805.0,661,0.0116
AGGATGCTTTAGGC-1,1401.0,713,0.0221
AGGCAACTGAAGGC-1,2698.0,816,0.0278
AGGCAGGAGTACCA-1,2152.0,822,0.0376
AGGCCTCTAGTCGT-1,2264.0,806,0.008
AGGCCTCTCGGAGA-1,2388.0,864,0.0205
AGGCCTCTCGTAAC-1,1205.0,464,0.0066
AGGGACGACGTTGA-1,1857.0,664,0.0215
AGGGACGAGTCAAC-1,1957.0,931,0.0153
AGGGACGAGTTGTG-1,2746.0,860,0.0131
AGGGACGATAGAGA-1,1722.0,674,0.0389
AGGGACGATGCATG-1,1783.0,803,0.0107
AGGGAGTGAGCCTA-1,997.0,464,0.008
AGGGCCACCATACG-1,2047.0,788,0.0161
AGGGCGCTAACCAC-1,3558.0,1068,0.0245
AGGGCGCTATGGTC-1,1609.0,781,0.0447
AGGGTGGACAGTCA-1,2229.0,843,0.0247
AGGGTGGACTCAAG-1,2072.0,779,0.0212
AGGGTGGAGTTGCA-1,2253.0,873,0.0182
AGGGTTTGTTCATC-1,1795.0,707,0.0217
AGGTCATGAGTGTC-1,925.0,492,0.0324
AGGTCATGCTTATC-1,1588.0,669,0.0202
AGGTCTGATTCTCA-1,2731.0,982,0.0209
AGGTGGGAAGAATG-1,2033.0,749,0.0148
AGGTGGGAAGTTCG-1,2474.0,789,0.0137
AGGTGTTGGTTACG-1,2090.0,780,0.0129
AGGTTCGAACCTCC-1,1346.0,561,0.0186
AGGTTCGAACGTAC-1,1592.0,655,0.0144
AGGTTCGAGGGTGA-1,1155.0,432,0.0234
AGTAAGGAGTTTGG-1,1928.0,801,0.0166
AGTAAGGATTCTTG-1,2894.0,945,0.0097
AGTAATACATCACG-1,1832.0,770,0.0235
AGTAATACCGAACT-1,1236.0,503,0.0251
AGTAATTGTCCCAC-1,1892.0,766,0.0148
AGTACGTGAGGGTG-1,2386.0,776,0.0163
AGTACGTGCTGCAA-1,3001.0,970,0.0127
AGTACGTGCTTGGA-1,3506.0,989,0.0123
AGTACTCTACGTGT-1,1604.0,654,0.0187
AGTACTCTCAACCA-1,1766.0,762,0.0487
AGTACTCTCGGTAT-1,2063.0,882,0.0155
AGTAGGCTTGCCTC-1,3561.0,1236,0.0278
AGTATAACTTGTCT-1,4455.0,1499,0.0321
AGTATCCTAGAACA-1,1826.0,626,0.0088
AGTCACGATGAGCT-1,3719.0,1380,0.0145
AGTCAGACGAATAG-1,3305.0,1170,0.0166
AGTCAGACGCTTAG-1,1011.0,491,0.0317
AGTCAGACTAGAGA-1,1994.0,833,0.0191
AGTCAGACTGCACA-1,2820.0,924,0.0149
AGTCCAGATATCTC-1,1746.0,581,0.0195
AGTCCAGATTTCAC-1,2095.0,842,0.0158
AGTCGAACCAACCA-1,1547.0,596,0.0233
AGTCGCCTCCGTAA-1,2231.0,811,0.0076
AGTCTACTAGGGTG-1,1192.0,542,0.0092
AGTCTACTTGCATG-1,5204.0,1572,0.0332
AGTCTTACACCACA-1,2425.0,758,0.0186
AGTCTTACTTCGCC-1,2129.0,854,0.0357
AGTCTTACTTCGGA-1,664.0,274,0.0075
AGTGACTGCAACTG-1,4697.0,1413,0.0309
AGTGTTCTAACCTG-1,2858.0,872,0.0094
AGTGTTCTATAAGG-1,1309.0,559,0.0229
AGTGTTCTCACTTT-1,2772.0,907,0.0123
AGTTAAACCACTTT-1,3024.0,951,0.0271
AGTTATGAACAGTC-1,3624.0,1175,0.0163
AGTTATGACTGAGT-1,2087.0,946,0.0057
AGTTATGAGTTCAG-1,2863.0,905,0.0293
AGTTCTACCAGCTA-1,1632.0,737,0.0245
AGTTCTTGAAGCCT-1,1279.0,604,0.0281
AGTTGTCTACTACG-1,2879.0,843,0.0195
AGTTTAGATGGTCA-1,1395.0,606,0.0244
AGTTTCACGGTCTA-1,2520.0,1079,0.0115
AGTTTGCTACAGTC-1,2092.0,668,0.0177
AGTTTGCTACTGGT-1,1942.0,785,0.0335
AGTTTGCTCCAAGT-1,2050.0,726,0.0054
ATAAACACAGTGCT-1,2500.0,978,0.0184
ATAAACACCACCAA-1,2918.0,941,0.0367
ATAACAACATGCTG-1,2231.0,994,0.0305
ATAACAACGTCTAG-1,1672.0,655,0.0287
ATAACAACTTTGTC-1,3132.0,1013,0.0233
ATAACATGTACTCT-1,2776.0,987,0.0144
ATAACCCTGTTGGT-1,1638.0,591,0.0305
ATAACCCTTGGTAC-1,2949.0,1041,0.0061
ATAAGTACGAATGA-1,1562.0,625,0.0166
ATAAGTTGGTACGT-1,1355.0,582,0.0244
ATAAGTTGTCTAGG-1,2338.0,814,0.0346
ATAATCGAGCTGAT-1,1386.0,570,0.0195
ATAATCGATGGTTG-1,2348.0,775,0.0055
ATAATGACCTACTT-1,2215.0,822,0.0122
ATAATGACTCGTGA-1,1843.0,715,0.0255
ATACAATGTTAGGC-1,2148.0,738,0.0168
ATACCACTCGTACA-1,2896.0,956,0.0207
ATACCACTCTAAGC-1,4138.0,1178,0.0242
ATACCACTGCCAAT-1,1580.0,743,0.0335
ATACCGGAATGCTG-1,6582.0,1861,0.0229
ATACCGGACATTTC-1,2213.0,841,0.019
ATACCGGACTTCGC-1,2694.0,944,0.0223
ATACCGGAGGTGTT-1,2129.0,783,0.0216
ATACCGGATCTCGC-1,1786.0,643,0.0263
ATACCTACGCATCA-1,2761.0,924,0.0203
ATACCTTGGGGCAA-1,3678.0,936,0.0139
ATACGGACAGACTC-1,877.0,431,0.041
ATACGGACCTACTT-1,1042.0,490,0.0221
ATACGGACGAGGTG-1,1218.0,532,0.0312
ATACGGACTATGCG-1,1474.0,524,0.0217
ATACGGACTCTGGA-1,1470.0,620,0.0347
ATACGTCTTAACGC-1,2011.0,749,0.0453
ATACTCTGCTTCGC-1,4474.0,1334,0.0217
ATACTCTGGTATGC-1,1619.0,834,0.0216
ATAGATACCATGGT-1,2183.0,790,0.0183
ATAGATACGACGAG-1,2123.0,702,0.0268
ATAGATTGGTGTAC-1,2749.0,892,0.02
ATAGCCGAACGGAG-1,2095.0,693,0.0267
ATAGCGTGCAGATC-1,2448.0,784,0.0106
ATAGCGTGCCCTTG-1,3004.0,944,0.0113
ATAGCGTGGTATCG-1,1069.0,471,0.0178
ATAGCGTGTCTCTA-1,2273.0,839,0.0185
ATAGCTCTCTGATG-1,1163.0,529,0.0292
ATAGCTCTGAGGTG-1,1975.0,729,0.0213
ATAGGAGAAACAGA-1,3554.0,1084,0.0219
ATAGGCTGTCAGAC-1,2173.0,802,0.0166
ATAGTCCTAGTGTC-1,2205.0,886,0.0213
ATAGTCCTTGCATG-1,2055.0,815,0.0078
ATAGTCCTTGTCGA-1,2662.0,856,0.0113
ATAGTTGACAACTG-1,2184.0,746,0.016
ATAGTTGACCCTCA-1,4273.0,1318,0.0187
ATAGTTGAGACGTT-1,2030.0,545,0.03
ATAGTTGATAAGCC-1,1870.0,696,0.0166
ATATACGAAGCCAT-1,2505.0,872,0.0164
ATATACGAATTGGC-1,3935.0,1154,0.0132
ATATAGTGGAATGA-1,1062.0,467,0.0292
ATATGCCTAGATCC-1,1910.0,725,0.0204
ATATGCCTGGACAG-1,3509.0,1027,0.0217
ATATGCCTTCTCTA-1,1090.0,479,0.0138
ATATGCCTTGGTAC-1,2021.0,728,0.0173
ATCAAATGAGCCTA-1,2562.0,926,0.0312
ATCAAATGGGTAAA-1,4211.0,1282,0.0228
ATCAACCTAAACGA-1,2638.0,907,0.0083
ATCAACCTGAGGAC-1,2312.0,833,0.0272
ATCAACCTTCTCTA-1,2505.0,1024,0.0299
ATCAACCTTTGTCT-1,2572.0,838,0.0191
ATCACACTTTGTCT-1,2560.0,900,0.0211
ATCACGGATTGCTT-1,975.0,457,0.0585
ATCACGGATTTCGT-1,1792.0,737,0.0218
ATCATCTGACACCA-1,737.0,367,0.0068
ATCATGCTAGAGTA-1,850.0,459,0.0341
ATCATGCTGAACCT-1,3165.0,1030,0.0234
ATCCAGGACGCTAA-1,3756.0,1279,0.0125
ATCCAGGATGGAAA-1,2128.0,756,0.0127
ATCCATACTCCTTA-1,1624.0,662,0.0252
ATCCATACTTCATC-1,3916.0,1323,0.0237
ATCCCGTGCAGTCA-1,1996.0,1003,0.0195
ATCCCGTGCATGCA-1,776.0,359,0.0284
ATCCCGTGGCTGAT-1,2155.0,770,0.0181
ATCCGCACGCATCA-1,2341.0,813,0.0209
ATCCTAACGACGGA-1,1776.0,634,0.0366
ATCCTAACGCTACA-1,2064.0,924,0.017
ATCGACGAAACTGC-1,3308.0,1184,0.0112
ATCGACGAATGACC-1,2867.0,901,0.0366
ATCGAGTGGACGTT-1,1973.0,816,0.0167
ATCGCAGAATCTCT-1,4340.0,1421,0.0256
ATCGCAGAGTGTCA-1,2109.0,771,0.0147
ATCGCCACTGAGGG-1,1687.0,706,0.0285
ATCGCCTGGGTCAT-1,2875.0,953,0.0202
ATCGCCTGTGGCAT-1,756.0,348,0.0172
ATCGCGCTCAGAGG-1,1842.0,716,0.0331
ATCGCGCTGGGATG-1,2732.0,870,0.0146
ATCGCGCTTTTCGT-1,1779.0,715,0.0259
ATCGGAACCAGTCA-1,1199.0,550,0.0092
ATCGGTGAGTCAAC-1,1885.0,689,0.017
ATCGGTGATTGCAG-1,2901.0,947,0.029
ATCGTTTGCCTACC-1,3404.0,1157,0.0223
ATCGTTTGGGTACT-1,1765.0,690,0.0329
ATCGTTTGTGCCAA-1,737.0,383,0.019
ATCTACACCCGCTT-1,754.0,374,0.0172
ATCTACACCGGGAA-1,2454.0,882,0.0073
ATCTCAACAGGAGC-1,1915.0,697,0.0225
ATCTCAACCTCGAA-1,609.0,246,0.0
ATCTCAACCTTGTT-1,2138.0,833,0.021
ATCTGGGAAACCAC-1,2420.0,1006,0.0207
ATCTGGGAAGTGTC-1,3477.0,1181,0.0173
ATCTGGGATTCCGC-1,2771.0,974,0.0263
ATCTGTTGAACGGG-1,2310.0,856,0.016
ATCTGTTGACCTCC-1,2713.0,978,0.014
ATCTGTTGCCTTCG-1,5198.0,1551,0.0181
ATCTGTTGGTTGCA-1,2911.0,965,0.0131
ATCTTGACACCAAC-1,2702.0,907,0.0104
ATCTTGACCTCCCA-1,1399.0,565,0.0315
ATCTTTCTGCATCA-1,877.0,417,0.0148
ATCTTTCTGTTTCT-1,2366.0,907,0.0101
ATCTTTCTTGTCCC-1,1915.0,927,0.035
ATGAAACTCTGTGA-1,3205.0,966,0.0112
ATGAAACTGAGGCA-1,1973.0,658,0.0223
ATGAAGGAACAGCT-1,1477.0,727,0.0183
ATGAAGGACCTGTC-1,2047.0,743,0.0376
ATGAAGGACCTTAT-1,859.0,381,0.0244
ATGAAGGACTAGTG-1,713.0,385,0.0196
ATGAAGGACTTGCC-1,1800.0,905,0.015
ATGACGTGACGACT-1,1881.0,645,0.0117
ATGACGTGATCGGT-1,3623.0,1167,0.0362
ATGAGAGAAAGTGA-1,2880.0,936,0.0073
ATGAGAGAACGCAT-1,2350.0,724,0.0111
ATGAGAGAAGTAGA-1,1575.0,618,0.0337
ATGAGCACACAGCT-1,3387.0,1038,0.0192
ATGAGCACATCTTC-1,2599.0,853,0.0119
ATGATAACTTCACT-1,1523.0,808,0.0105
ATGATATGAAACAG-1,4925.0,1403,0.0158
ATGATATGACTGGT-1,2343.0,762,0.0209
ATGATATGAGCACT-1,2189.0,741,0.0123
ATGATATGGTCATG-1,1768.0,687,0.017
ATGATATGGTGCTA-1,1978.0,932,0.0273
ATGATATGTTGTCT-1,2992.0,1096,0.0271
ATGCACGAATGTCG-1,1381.0,601,0.0319
ATGCACGACTGTAG-1,1479.0,652,0.0169
ATGCACGAGAACCT-1,2624.0,895,0.0133
ATGCACGAGTTCGA-1,1920.0,682,0.0198
ATGCACGATTGGTG-1,4856.0,1553,0.0194
ATGCAGTGTTACCT-1,1396.0,604,0.0208
ATGCAGTGTTCTAC-1,2333.0,823,0.0313
ATGCCAGAACGACT-1,2167.0,803,0.0198
ATGCCAGACAGTCA-1,1323.0,646,0.0287
ATGCCGCTTGAACC-1,2463.0,917,0.0272
ATGCGATGCTATGG-1,2998.0,942,0.0334
ATGCGATGCTGAGT-1,2543.0,850,0.0153
ATGCGATGGTTACG-1,2230.0,795,0.0135
ATGCGCCTTCATTC-1,2544.0,771,0.0263
ATGCTTTGCGAATC-1,2482.0,949,0.0294
ATGCTTTGGGCGAA-1,1083.0,516,0.0231
ATGCTTTGTAGTCG-1,1682.0,664,0.0161
ATGGACACATCGGT-1,3094.0,1001,0.0152
ATGGACACGCATCA-1,1025.0,637,0.0273
ATGGGTACAACCTG-1,1348.0,619,0.0282
ATGGGTACATCGGT-1,1873.0,907,0.0166
ATGGGTACTATTCC-1,2244.0,961,0.0089
ATGGGTACTGGGAG-1,2458.0,812,0.0155
ATGTAAACACCTCC-1,2157.0,793,0.0176
ATGTAAACCCGCTT-1,2959.0,1043,0.0135
ATGTAAACGGGATG-1,3961.0,1343,0.0353
ATGTAAACTCTCCG-1,4770.0,1326,0.0262
ATGTAAACTTCACT-1,2707.0,981,0.0244
ATGTACCTCAGTCA-1,2078.0,675,0.0245
ATGTACCTTAGTCG-1,2214.0,937,0.0041
ATGTACCTTTATCC-1,1536.0,631,0.026
ATGTACCTTTCACT-1,2523.0,1026,0.0163
ATGTCACTAATGCC-1,3558.0,1135,0.0197
ATGTCACTCTGCTC-1,1016.0,499,0.0344
ATGTCGGAGGTGAG-1,2364.0,948,0.0186
ATGTTCACAGTCTG-1,1918.0,801,0.0198
ATGTTCACCGTAGT-1,2457.0,848,0.0285
ATGTTGCTTTCAGG-1,2016.0,741,0.0144
ATTAACGATGAGAA-1,1291.0,604,0.0411
ATTAACGATGCAAC-1,2026.0,864,0.0123
ATTAAGACTGCAGT-1,3366.0,1076,0.0175
ATTACCTGCCTTAT-1,3536.0,1106,0.0156
ATTACCTGGAGGAC-1,3449.0,1111,0.0099
ATTACCTGGGCATT-1,898.0,456,0.0512
ATTAGATGTTTCAC-1,2061.0,624,0.0146
ATTATGGAATCTCT-1,2734.0,1008,0.0091
ATTCAAGAACGGGA-1,3045.0,908,0.0217
ATTCAAGACCTTTA-1,1974.0,815,0.0213
ATTCAGCTCATTGG-1,917.0,346,0.0294
ATTCCAACCATTGG-1,2895.0,1062,0.0318
ATTCCAACTTAGGC-1,1898.0,803,0.0232
ATTCGACTCACTAG-1,1771.0,749,0.0147
ATTCGACTGAATAG-1,2064.0,779,0.0184
ATTCGACTTTTGTC-1,2617.0,1027,0.0241
ATTCGGGAAAGGCG-1,2999.0,1032,0.02
ATTCGGGATTAGGC-1,3252.0,1040,0.0071
ATTCTTCTGATACC-1,1722.0,654,0.0203
ATTGAATGGACGGA-1,1530.0,631,0.0261
ATTGATGAAGGTTC-1,2344.0,755,0.0247
ATTGATGACTGAGT-1,2793.0,854,0.014
ATTGATGAGCGAAG-1,2290.0,850,0.0157
ATTGATGATCTATC-1,2248.0,798,0.0227
ATTGCACTGACGGA-1,3065.0,864,0.0215
ATTGCACTGAGAGC-1,2965.0,1078,0.0172
ATTGCACTGGAGCA-1,1621.0,690,0.0259
ATTGCACTTAGCCA-1,2393.0,864,0.0088
ATTGCACTTGCTTT-1,4892.0,1523,0.0221
ATTGCTTGTTACTC-1,2439.0,838,0.0189
ATTGGTCTGACTAC-1,2507.0,966,0.0227
ATTGGTCTTGTCTT-1,752.0,389,0.0133
ATTGTAGATTCCCG-1,5503.0,1654,0.0231
ATTGTAGATTGCAG-1,2589.0,808,0.0278
ATTGTCTGCGTACA-1,2317.0,885,0.019
ATTTAGGAACCATG-1,5680.0,1665,0.0285
ATTTAGGACAGAGG-1,2435.0,920,0.0107
ATTTCCGAGATGAA-1,2449.0,855,0.0453
ATTTCCGAGTGCTA-1,1908.0,807,0.0299
ATTTCGTGTATGGC-1,2244.0,859,0.0209
ATTTCTCTACTTTC-1,4151.0,1276,0.0287
ATTTCTCTAGCAAA-1,2441.0,987,0.0135
ATTTCTCTCACTTT-1,3223.0,1079,0.0205
ATTTCTCTTCCCAC-1,1974.0,678,0.0137
ATTTGCACAAGATG-1,1525.0,626,0.042
CAAAGCACAGCTCA-1,2393.0,831,0.0134
CAAAGCACCGTAAC-1,2347.0,829,0.0179
CAAAGCACGGTAAA-1,2138.0,1009,0.014
CAAAGCTGAAAGTG-1,1234.0,547,0.0316
CAAAGCTGTTGCTT-1,2486.0,893,0.0237
CAAATATGTGACAC-1,2407.0,722,0.0237
CAAATTGAGGGCAA-1,1988.0,656,0.0196
CAAATTGATGGAGG-1,846.0,415,0.039
CAACCAGAAAAGTG-1,2237.0,773,0.025
CAACCAGAAGTGCT-1,4328.0,1262,0.0256
CAACCAGAGTTCAG-1,3776.0,1218,0.0289
CAACCAGATAGAAG-1,739.0,365,0.0189
CAACCGCTGTTCAG-1,1991.0,661,0.0357
CAACCGCTTTGAGC-1,2299.0,805,0.0239
CAACGATGCGCAAT-1,4519.0,1409,0.0206
CAACGTGACTCCAC-1,2999.0,1094,0.0293
CAACGTGAGCCATA-1,1667.0,779,0.0126
CAACGTGATCAAGC-1,2365.0,898,0.022
CAAGAAGACCACAA-1,2021.0,830,0.0361
CAAGAAGACGTCTC-1,3488.0,1242,0.0238
CAAGAAGATTCTAC-1,2810.0,864,0.0128
CAAGACTGACCTGA-1,1669.0,576,0.0192
CAAGACTGAGTAGA-1,2612.0,901,0.018
CAAGCTGACCATAG-1,3773.0,1274,0.0286
CAAGCTGATCTATC-1,1960.0,852,0.0087
CAAGGACTGTTCAG-1,3133.0,1006,0.0236
CAAGGACTTCTTTG-1,1688.0,719,0.035
CAAGGTTGCTCCAC-1,1896.0,763,0.0174
CAAGGTTGTCATTC-1,1868.0,683,0.0327
CAAGGTTGTCTGGA-1,2040.0,957,0.0191
CAAGTCGAAACAGA-1,2294.0,831,0.0475
CAAGTCGATAGCGT-1,1724.0,724,0.0336
CAATAAACGCCATA-1,829.0,354,0.035
CAATAATGAACTGC-1,2255.0,763,0.031
CAATATGACATGGT-1,2766.0,910,0.0271
CAATATGACCTTCG-1,1878.0,749,0.0181
CAATATGACGTTAG-1,1691.0,626,0.0325
CAATATGAGGAGCA-1,3037.0,870,0.0128
CAATCGGAGAAACA-1,2630.0,795,0.0114
CAATCTACTGACTG-1,2744.0,1078,0.0193
CAATTCACCCAACA-1,1845.0,736,0.0304
CAATTCACGATAGA-1,2479.0,835,0.0157
CAATTCACTTGTGG-1,1032.0,402,0.0174
CAATTCTGCTTGTT-1,3343.0,1203,0.023
CAATTCTGGCGTAT-1,1684.0,699,0.0374
CACAACGATACGAC-1,2405.0,755,0.0287
CACAATCTTGTTCT-1,1547.0,697,0.0194
CACAATCTTTCCAT-1,3853.0,1229,0.0254
CACACCTGCTTGAG-1,1594.0,637,0.01
CACACCTGTATGGC-1,1875.0,666,0.0475
CACAGAACCCTTGC-1,2019.0,846,0.0302
CACAGAACCTGATG-1,2838.0,1036,0.0388
CACAGATGGGATTC-1,3230.0,1027,0.0198
CACAGATGGTTTCT-1,2090.0,831,0.0153
CACAGCCTGATACC-1,2831.0,999,0.0254
CACAGCCTTGCCAA-1,2294.0,942,0.0292
CACAGCCTTGTAGC-1,2555.0,891,0.0145
CACAGTGATGAAGA-1,3016.0,1007,0.0275
CACATACTACAGCT-1,1854.0,712,0.0156
CACATGGAACACGT-1,2962.0,990,0.0125
CACATGGAAGTCGT-1,2453.0,725,0.0245
CACCACTGCCAACA-1,2259.0,745,0.0208
CACCACTGGCGAAG-1,2221.0,921,0.0144
CACCCATGTTCTGT-1,561.0,333,0.0446
CACCGGGAATCGAC-1,2879.0,1042,0.0111
CACCGGGACGAGAG-1,2588.0,895,0.0205
CACCGGGACGTGTA-1,3096.0,873,0.0181
CACCGGGACTTCTA-1,4297.0,1612,0.041
CACCGGGACTTGCC-1,1792.0,724,0.0497
CACCGGGATTCGGA-1,2329.0,929,0.0361
CACCGTACTAAGGA-1,1657.0,601,0.0247
CACCGTACTAGCGT-1,2715.0,862,0.021
CACCTGACACCCAA-1,2229.0,908,0.0184
CACCTGACCAGAAA-1,1695.0,658,0.0218
CACCTGACCTCAAG-1,1929.0,775,0.0213
CACCTGACGAAAGT-1,1807.0,724,0.0133
CACCTGACTCGTAG-1,2118.0,753,0.0264
CACGAAACTTCCGC-1,2111.0,741,0.0171
CACGACCTCGATAC-1,1766.0,690,0.0215
CACGCTACAGAAGT-1,684.0,379,0.0322
CACGCTACTGTTCT-1,1448.0,608,0.0235
CACGCTACTTGACG-1,1129.0,476,0.062
CACGGGACAGAGTA-1,2969.0,927,0.0226
CACGGGACATAAGG-1,2340.0,777,0.0158
CACGGGACGTAGGG-1,2653.0,969,0.0068
CACGGGTGCTTCGC-1,1790.0,827,0.0123
CACGGGTGGAGGAC-1,1595.0,709,0.0245
CACGGGTGTGTTTC-1,897.0,385,0.01
CACTAACTCCTAAG-1,1605.0,690,0.0181
CACTAACTGAAAGT-1,2280.0,769,0.0114
CACTAGGATGATGC-1,1219.0,554,0.0205
CACTATACCCCGTT-1,2570.0,892,0.0144
CACTATACGTTTGG-1,1840.0,761,0.0277
CACTGAGACAGTCA-1,727.0,367,0.0385
CACTGCACTTCATC-1,1917.0,731,0.0245
CACTGCTGAGACTC-1,3139.0,1103,0.0233
CACTGCTGGAAAGT-1,3108.0,944,0.0187
CACTTAACCGAATC-1,2253.0,832,0.0484
CACTTAACCGTACA-1,1522.0,675,0.0269
CACTTTGACTCTAT-1,1552.0,652,0.0219
CACTTTGAGCTGTA-1,802.0,418,0.015
CAGAAGCTCTCAAG-1,2256.0,727,0.0177
CAGACATGAACGGG-1,2327.0,745,0.0129
CAGACATGTCGACA-1,2519.0,872,0.0191
CAGACCCTAAGGTA-1,4166.0,1336,0.0298
CAGACCCTAATGCC-1,2292.0,863,0.0489
CAGACCCTAGGAGC-1,2716.0,934,0.0217
CAGACTGAGTATGC-1,2712.0,844,0.0203
CAGATCGAATGTCG-1,2192.0,721,0.0438
CAGATCGACCTGAA-1,921.0,432,0.0347
CAGATCGATATGGC-1,2546.0,782,0.0098
CAGATGACATTCTC-1,2047.0,1006,0.0264
CAGCAATGCCTTCG-1,2564.0,834,0.0148
CAGCAATGGAGGGT-1,1698.0,840,0.0183
CAGCAATGGTGCTA-1,2290.0,840,0.0157
CAGCAATGTCTACT-1,2374.0,819,0.0265
CAGCAATGTGACCA-1,1911.0,699,0.0115
CAGCAATGTGAGGG-1,1078.0,489,0.0241
CAGCACCTAAGCCT-1,1808.0,665,0.0238
CAGCACCTAGGCGA-1,1447.0,576,0.0235
CAGCACCTGTAGGG-1,3872.0,1291,0.0292
CAGCATGACAACCA-1,3218.0,1102,0.0317
CAGCATGAGACGTT-1,2157.0,826,0.0408
CAGCCTACCCAACA-1,2802.0,880,0.0089
CAGCCTTGCTACCC-1,1842.0,738,0.0261
CAGCCTTGGGGACA-1,2662.0,904,0.0098
CAGCGGACACCCTC-1,1885.0,686,0.0233
CAGCGGACCTTTAC-1,2174.0,874,0.0253
CAGCGTCTAAAGCA-1,2929.0,887,0.0259
CAGCGTCTTATCGG-1,2532.0,873,0.0387
CAGCTAGATGTGAC-1,1263.0,560,0.042
CAGCTCTGAGGCGA-1,1959.0,766,0.0112
CAGCTCTGCAAGCT-1,1570.0,710,0.0115
CAGCTCTGTCGTAG-1,3302.0,1135,0.0227
CAGCTCTGTGTGGT-1,2170.0,1054,0.0184
CAGGAACTAACTGC-1,2077.0,805,0.0241
CAGGAACTCTCAGA-1,1752.0,724,0.016
CAGGCCGAACACCA-1,2694.0,973,0.0212
CAGGCCGAACACGT-1,3917.0,1201,0.011
CAGGCCGAACGACT-1,1194.0,575,0.0276
CAGGCCGAATCTCT-1,2444.0,838,0.0127
CAGGCCGACTAGCA-1,2346.0,865,0.0243
CAGGGCACCATACG-1,1318.0,546,0.0281
CAGGGCACCCAACA-1,2241.0,811,0.0228
CAGGGCACTCCCGT-1,2293.0,884,0.0122
CAGGTAACAGACTC-1,2472.0,886,0.021
CAGGTATGAGTCGT-1,2135.0,791,0.0136
CAGGTATGTGCTTT-1,2710.0,1026,0.0185
CAGTGATGGACGGA-1,1530.0,644,0.0124
CAGTGATGGCTAAC-1,1549.0,763,0.0303
CAGTGATGGGACAG-1,3339.0,969,0.0264
CAGTGATGTAAGGA-1,2269.0,800,0.0172
CAGTGATGTACGCA-1,1015.0,359,0.0315
CAGTGTGAACACGT-1,548.0,307,0.0657
CAGTGTGATGTCAG-1,2050.0,624,0.0146
CAGTTACTAAGGTA-1,2856.0,993,0.028
CAGTTACTGATAGA-1,2192.0,800,0.0155
CAGTTGGAAAGAGT-1,3688.0,1167,0.016
CAGTTGGACATACG-1,2445.0,833,0.018
CAGTTTACACACGT-1,5346.0,1871,0.0131
CAGTTTACCCCAAA-1,1940.0,616,0.0201
CATAAAACGGAGCA-1,2351.0,822,0.0336
CATAAATGAACTGC-1,2063.0,647,0.0271
CATAACCTTCTCCG-1,3062.0,1000,0.0108
CATACTACCTCGAA-1,1778.0,618,0.0174
CATACTACCTGAAC-1,2431.0,734,0.007
CATACTACGTACCA-1,1618.0,618,0.0099
CATAGTCTAATCGC-1,2913.0,861,0.0182
CATAGTCTCACTTT-1,2713.0,945,0.0365
CATATAGACTAAGC-1,2929.0,1032,0.0164
CATATAGATCAGGT-1,1871.0,723,0.0246
CATCAACTAGAAGT-1,3378.0,984,0.0189
CATCAACTCCCTCA-1,3673.0,994,0.0074
CATCAGGACTTCCG-1,1528.0,771,0.0255
CATCAGGATAGCCA-1,1501.0,738,0.0187
CATCAGGATCCTAT-1,5282.0,1583,0.0242
CATCAGGATGCACA-1,3139.0,1113,0.0296
CATCAGGATTTCGT-1,1400.0,614,0.0414
CATCATACCGCATA-1,3302.0,1146,0.0164
CATCATACGGAGCA-1,1486.0,615,0.0323
CATCATACTCAAGC-1,2456.0,848,0.0159
CATCGCTGGGATCT-1,2801.0,983,0.0196
CATCGCTGTGGCAT-1,1963.0,677,0.0112
CATCGGCTATGCTG-1,3317.0,972,0.0109
CATCGGCTTTGGCA-1,2501.0,791,0.0228
CATCTCCTATGTGC-1,2009.0,827,0.0264
CATCTCCTCGAACT-1,1858.0,804,0.0242
CATGAGACACGGGA-1,748.0,395,0.0374
CATGAGACGTTGAC-1,1760.0,843,0.0347
CATGAGACTCGCCT-1,1155.0,493,0.0043
CATGCCACGGGTGA-1,2421.0,741,0.0376
CATGCCACTGCCAA-1,2396.0,941,0.0255
CATGCGCTAGTCAC-1,5344.0,1659,0.024
CATGCGCTCAGATC-1,2056.0,742,0.0282
CATGCGCTTTGCAG-1,4792.0,1517,0.0179
CATGGCCTAGGGTG-1,1347.0,559,0.0252
CATGGCCTGTGCAT-1,2839.0,937,0.0225
CATGTACTATCGTG-1,1619.0,740,0.0198
CATGTTACAGTCGT-1,2188.0,781,0.0192
CATGTTACCTGAGT-1,2259.0,819,0.0177
CATGTTTGGGGATG-1,2193.0,813,0.021
CATTACACACGGAG-1,1480.0,578,0.0399
CATTACACCAACTG-1,2360.0,1022,0.0347
CATTACACGGAGTG-1,3904.0,1191,0.0151
CATTACACTACTCT-1,2440.0,824,0.0189
CATTAGCTCCACAA-1,3497.0,1146,0.0369
CATTGACTAGCGGA-1,1915.0,757,0.0282
CATTGGGACTCGAA-1,1397.0,638,0.0315
CATTGTACAGCGTT-1,2233.0,830,0.0224
CATTGTACTCGATG-1,1857.0,713,0.0162
CATTGTACTTATCC-1,1617.0,609,0.0291
CATTGTACTTTGCT-1,4202.0,1271,0.0297
CATTGTTGCTAGTG-1,2170.0,680,0.0147
CATTTCGACTCTAT-1,1792.0,769,0.029
CATTTCGAGATACC-1,2657.0,1119,0.0109
CATTTGACCACACA-1,1688.0,731,0.029
CATTTGACCCTGAA-1,1729.0,804,0.0139
CATTTGTGACGACT-1,2456.0,781,0.0171
CATTTGTGCATTGG-1,2636.0,916,0.0231
CATTTGTGCGGAGA-1,2444.0,735,0.0376
CATTTGTGGGATCT-1,2461.0,835,0.0163
CCAAAGTGCTACGA-1,3442.0,1257,0.0261
CCAAAGTGTGAGAA-1,1051.0,472,0.0209
CCAACCTGAAGTAG-1,2140.0,879,0.0075
CCAACCTGACGTAC-1,2608.0,851,0.0184
CCAACCTGTTCGCC-1,3214.0,1023,0.019
CCAAGAACCCAATG-1,1742.0,661,0.0166
CCAAGAACGTAGCT-1,3230.0,1008,0.0127
CCAAGAACGTGTCA-1,2333.0,748,0.0129
CCAAGAACTACTGG-1,1767.0,845,0.0232
CCAAGAACTCCTAT-1,840.0,393,0.0071
CCAAGATGTCATTC-1,1718.0,675,0.0099
CCAAGATGTTTCAC-1,2099.0,843,0.0195
CCAAGTGAGGAACG-1,3006.0,876,0.0246
CCAAGTGATCAAGC-1,2712.0,939,0.0173
CCAATGGAACAGCT-1,1422.0,653,0.0534
CCAATTTGAACGTC-1,2671.0,932,0.0105
CCACCATGAACGTC-1,2186.0,760,0.0192
CCACCATGATCGGT-1,2497.0,735,0.0148
CCACCATGGACGAG-1,4782.0,1561,0.0274
CCACCATGGGGAGT-1,2050.0,752,0.0117
CCACCATGTCCTGC-1,2158.0,940,0.0171
CCACTGACCCGCTT-1,1953.0,705,0.0184
CCACTGTGGGAAGC-1,866.0,405,0.0427
CCACTGTGTGTAGC-1,2306.0,690,0.0269
CCACTTCTCGGGAA-1,3466.0,1071,0.0364
CCAGAAACCCTGTC-1,1200.0,544,0.0117
CCAGAAACGAACTC-1,2588.0,927,0.0139
CCAGAAACGGTCTA-1,2791.0,817,0.0118
CCAGACCTCTGAGT-1,795.0,388,0.0239
CCAGACCTTGTGGT-1,1460.0,560,0.0205
CCAGCACTGCGATT-1,4090.0,1322,0.0242
CCAGCGGAAAGGCG-1,1572.0,640,0.0223
CCAGCGGACGACTA-1,2454.0,886,0.0208
CCAGCGGATGGGAG-1,3218.0,1075,0.0112
CCAGCTACACAGTC-1,1758.0,689,0.0159
CCAGCTACCAGCTA-1,1099.0,524,0.0191
CCAGGTCTACACCA-1,1369.0,606,0.0292
CCAGGTCTAGCATC-1,1805.0,802,0.0172
CCAGGTCTATGGTC-1,2849.0,868,0.0186
CCAGTCACACTGGT-1,3251.0,939,0.0369
CCAGTCACACTGTG-1,1762.0,753,0.0131
CCAGTCACGTTGTG-1,2152.0,770,0.0116
CCAGTGCTAACCAC-1,3400.0,1105,0.015
CCAGTGCTCGTAGT-1,2562.0,841,0.0215
CCATCCGAAAGCAA-1,2457.0,786,0.0366
CCATCCGAACGACT-1,930.0,445,0.0258
CCATCCGAAGGTTC-1,1806.0,703,0.0127
CCATCCGATTCGCC-1,1314.0,593,0.0312
CCATCGTGAACGGG-1,2207.0,875,0.0168
CCATCGTGCTAGAC-1,2559.0,901,0.0219
CCCAACACCTCGCT-1,2866.0,927,0.0164
CCCAACACGCATCA-1,2201.0,798,0.0141
CCCAACACTTTGTC-1,3442.0,1221,0.0206
CCCAACTGCAATCG-1,853.0,415,0.0164
CCCAGACTGCCTTC-1,4757.0,1381,0.0196
CCCAGACTGGTTTG-1,2559.0,949,0.0152
CCCAGACTTTCGCC-1,4412.0,1322,0.0261
CCCAGTTGCAGTTG-1,3416.0,1169,0.0187
CCCAGTTGGGTACT-1,1757.0,745,0.0256
CCCAGTTGTCTATC-1,1925.0,727,0.0166
CCCGATTGTGTTTC-1,2273.0,799,0.0321
CCCGGAGAAGGGTG-1,1019.0,490,0.0167
CCCTACGAATTGGC-1,1865.0,767,0.0134
CCCTAGTGCAAAGA-1,2448.0,943,0.0212
CCCTCAGACACTTT-1,2070.0,808,0.0174
CCCTCAGACGAGAG-1,2926.0,926,0.0174
CCCTCAGAGGTCAT-1,2024.0,664,0.0163
CCCTGAACTAAAGG-1,1533.0,569,0.0196
CCCTGATGCAACCA-1,2914.0,843,0.0175
CCCTGATGCAAGCT-1,1846.0,727,0.019
CCCTTACTAACCAC-1,3561.0,1222,0.0253
CCCTTACTGCAGTT-1,973.0,457,0.0185
CCGAAAACCTTGTT-1,5147.0,1515,0.0256
CCGACACTGGTTTG-1,3326.0,1138,0.0168
CCGACTACCCAGTA-1,3186.0,1174,0.0213
CCGACTACCGTGTA-1,1456.0,525,0.0192
CCGACTACTGAGGG-1,2372.0,878,0.0173
CCGATAGACCTAAG-1,1638.0,525,0.025
CCGATAGAGTTGGT-1,2958.0,999,0.0206
CCGCGAGACACACA-1,2109.0,778,0.0341
CCGCGAGAGGTTCA-1,1965.0,772,0.0198
CCGCTATGGGACGA-1,2000.0,819,0.025
CCGCTATGTGCAAC-1,2523.0,1015,0.0242
CCGCTATGTGCACA-1,2854.0,939,0.0217
CCGGTACTGTCCTC-1,2496.0,856,0.024
CCGTACACAAGCAA-1,1745.0,715,0.0155
CCGTACACAGCGTT-1,2007.0,793,0.013
CCGTACACGTCATG-1,2076.0,837,0.0294
CCGTACACGTTGGT-1,3297.0,1193,0.0218
CCGTACACTAACGC-1,2042.0,764,0.0392
CCTAAACTTTCGTT-1,2353.0,834,0.0093
CCTAAGGACCCAAA-1,2056.0,677,0.0175
CCTAAGGACTAGCA-1,1516.0,625,0.0369
CCTAAGGAGGGCAA-1,796.0,420,0.0251
CCTAAGGATGATGC-1,2520.0,837,0.0127
CCTAAGGATGTCAG-1,2882.0,874,0.0173
CCTACCGACTCTTA-1,1893.0,679,0.0158
CCTACCGAGGGATG-1,2344.0,811,0.0166
CCTAGAGAGGTGAG-1,1388.0,546,0.0144
CCTATAACCAAAGA-1,2562.0,787,0.0234
CCTATAACGAGACG-1,1506.0,587,0.0239
CCTATAACTCAGAC-1,2663.0,821,0.0124
CCTATAACTGCATG-1,1721.0,669,0.0209
CCTCGAACACTTTC-1,1644.0,813,0.0195
CCTCGAACCCGTAA-1,2060.0,780,0.0218
CCTCGAACGTATCG-1,1619.0,649,0.0259
CCTCGAACTTACTC-1,3184.0,924,0.0198
CCTCTACTCTTCGC-1,4464.0,1322,0.0226
CCTCTACTGGCATT-1,2176.0,701,0.0152
CCTGACTGAAGTAG-1,2128.0,792,0.0324
CCTGACTGGGGAGT-1,2543.0,817,0.0138
CCTGACTGTGTCTT-1,1619.0,667,0.0389
CCTGCAACACGTTG-1,2096.0,804,0.0229
CCTGGACTCGTGAT-1,1354.0,593,0.014
CCTTAATGCCCAAA-1,1853.0,740,0.02
CCTTAATGTTCTAC-1,3834.0,1243,0.0378
CCTTCACTACGACT-1,2168.0,859,0.0138
CCTTCACTCAGTCA-1,1420.0,685,0.0282
CCTTCACTGGAGTG-1,1657.0,596,0.0205
CCTTTAGATTCATC-1,3507.0,1193,0.022
CGAACATGCCCTAC-1,2322.0,859,0.025
CGAACATGTCAGAC-1,2211.0,775,0.0145
CGAAGACTGGAACG-1,2444.0,947,0.0278
CGAAGACTGTTACG-1,1737.0,689,0.0282
CGAAGGGAAACCTG-1,2158.0,907,0.012
CGAAGGGATCCGAA-1,1837.0,734,0.0196
CGAAGTACCAACTG-1,1565.0,621,0.0249
CGAATCGAGGAGCA-1,581.0,336,0.0327
CGAATCGAGGAGGT-1,2512.0,922,0.0191
CGACAAACCCATAG-1,2871.0,802,0.016
CGACAAACCGACAT-1,2098.0,812,0.0129
CGACCACTAAAGTG-1,1934.0,941,0.0202
CGACCACTGCCAAT-1,1850.0,943,0.0297
CGACCGGAAGGTCT-1,2728.0,868,0.0202
CGACCGGATGGAAA-1,2698.0,947,0.0237
CGACCTTGCTAGTG-1,1977.0,767,0.0091
CGACCTTGGCAAGG-1,865.0,341,0.1017
CGACGTCTATCGTG-1,2043.0,701,0.0235
CGACGTCTCGTGTA-1,1954.0,692,0.0225
CGACGTCTGAGGCA-1,1057.0,423,0.0132
CGACTCACGTCGTA-1,2160.0,775,0.0231
CGACTCACGTTGCA-1,1093.0,500,0.0311
CGACTCTGTGTGAC-1,3131.0,1100,0.015
CGACTGCTTCCTCG-1,2015.0,812,0.0159
CGAGAACTAAGGCG-1,1913.0,728,0.0267
CGAGAACTACGTTG-1,1842.0,616,0.0282
CGAGAACTTGTTCT-1,2551.0,928,0.0149
CGAGATTGGACACT-1,1943.0,835,0.0149
CGAGATTGGCCATA-1,1042.0,454,0.0269
CGAGCCGAACACCA-1,2385.0,812,0.031
CGAGCCGACGACAT-1,1354.0,566,0.0657
CGAGCCGAGGCGAA-1,2447.0,769,0.0327
CGAGCGTGCTCCAC-1,3303.0,1058,0.0209
CGAGCGTGGATACC-1,3360.0,914,0.0143
CGAGCGTGTATGCG-1,1530.0,628,0.0366
CGAGGAGACCTCCA-1,1531.0,649,0.0229
CGAGGAGATGTCGA-1,1069.0,452,0.0337
CGAGGCACCTATGG-1,1975.0,754,0.0187
CGAGGCACTATGCG-1,4177.0,1327,0.029
CGAGGCACTCTTCA-1,1827.0,776,0.0192
CGAGGCTGACGCTA-1,1373.0,670,0.0197
CGAGGCTGGCAGTT-1,2940.0,1017,0.0221
CGAGGGCTACGACT-1,1663.0,599,0.021
CGAGGGCTCGAATC-1,905.0,431,0.0287
CGAGTATGTCACCC-1,2745.0,967,0.0335
CGATACGAACAGTC-1,3047.0,1077,0.0181
CGATACGATTCACT-1,2023.0,731,0.0143
CGATAGACCCGTAA-1,1222.0,533,0.0368
CGATAGACCGTACA-1,2090.0,926,0.0077
CGATAGACGTAGGG-1,1830.0,725,0.0301
CGATAGACTGTTCT-1,1299.0,559,0.0231
CGATCAGAAGAACA-1,2199.0,870,0.0218
CGATCAGAGAGGGT-1,2723.0,964,0.0202
CGATCAGAGGTACT-1,5142.0,1341,0.0115
CGATCCACCGGGAA-1,3231.0,1103,0.0223
CGATCCACTTCCAT-1,591.0,326,0.0203
CGCAAATGCTCGAA-1,1012.0,428,0.0464
CGCAACCTCCTTGC-1,2312.0,808,0.0151
CGCAACCTGGACGA-1,2322.0,821,0.0198
CGCACGGAGGACGA-1,1171.0,554,0.0248
CGCACGGATCTTTG-1,1932.0,596,0.0321
CGCACTACAGAATG-1,1864.0,680,0.0123
CGCACTACAGCCAT-1,3379.0,1034,0.0104
CGCACTACATTGGC-1,2816.0,849,0.0181
CGCACTACTCGCCT-1,1284.0,566,0.0202
CGCACTACTCGTGA-1,2071.0,879,0.0237
CGCACTTGTCACGA-1,3086.0,1091,0.0175
CGCAGGACAGATCC-1,2213.0,823,0.0339
CGCAGGACCTACTT-1,1067.0,447,0.0187
CGCAGGACTTGTCT-1,5163.0,1688,0.0221
CGCAGGTGCACTGA-1,2754.0,868,0.0298
CGCAGGTGCCATAG-1,4316.0,1254,0.0294
CGCAGGTGGGAACG-1,2280.0,942,0.0281
CGCATAGATCACGA-1,955.0,462,0.0115
CGCCATACTGCAAC-1,3448.0,1055,0.0154
CGCCATTGAGAGGC-1,2763.0,852,0.0221
CGCCATTGCTATGG-1,1794.0,738,0.0178
CGCCATTGGAGACG-1,2288.0,804,0.0166
CGCCATTGGAGCAG-1,2024.0,775,0.0459
CGCCATTGTACTGG-1,1687.0,726,0.019
CGCCGAGAGCTTAG-1,2047.0,993,0.0161
CGCCTAACGAATGA-1,4604.0,1462,0.0182
CGCCTAACTGCTCC-1,3490.0,1007,0.0158
CGCGAGACACAGCT-1,2246.0,798,0.0325
CGCGAGACAGGTCT-1,3174.0,1036,0.0315
CGCGAGACGCTACA-1,1969.0,786,0.0168
CGCGATCTCAGTCA-1,2556.0,948,0.0133
CGCGATCTGTTGAC-1,2110.0,743,0.0261
CGCGATCTTTCTTG-1,2394.0,761,0.0234
CGCGGATGGCCAAT-1,2266.0,838,0.0128
CGCTAAGAATGTCG-1,2703.0,1040,0.0055
CGCTAAGACAACTG-1,2772.0,859,0.0209
CGCTAAGACCCTTG-1,2620.0,867,0.0202
CGCTACTGAACAGA-1,3808.0,1188,0.0281
CGCTACTGAGAACA-1,2461.0,846,0.0102
CGCTACTGTGAGCT-1,1926.0,687,0.0083
CGCTACTGTTCCCG-1,1368.0,672,0.0314
CGCTCATGCATTTC-1,1469.0,629,0.0225
CGGAATTGCACTAG-1,902.0,426,0.0588
CGGAATTGGTTTGG-1,1897.0,725,0.0227
CGGAATTGTGGAGG-1,1544.0,660,0.0071
CGGACCGATGCGTA-1,1835.0,809,0.0131
CGGACCGATGGGAG-1,985.0,469,0.0264
CGGACTCTAAACAG-1,1659.0,600,0.0199
CGGACTCTCCAATG-1,2003.0,812,0.022
CGGACTCTCCTCGT-1,1875.0,856,0.0181
CGGAGGCTATTCCT-1,848.0,397,0.0483
CGGAGGCTTGGATC-1,2836.0,786,0.012
CGGATAACAACGAA-1,2578.0,895,0.0101
CGGATAACAGCTCA-1,2432.0,882,0.0132
CGGATAACTCAGTG-1,959.0,449,0.024
CGGCACGAACTCAG-1,2271.0,890,0.0365
CGGCACGAAGGGTG-1,2437.0,823,0.0304
CGGCACGACTACGA-1,2839.0,1051,0.0349
CGGCATCTTAGAAG-1,1982.0,823,0.0232
CGGCATCTTCGTAG-1,3312.0,1055,0.0199
CGGCCAGAAAGGTA-1,2077.0,741,0.0241
CGGCCAGAGAGGCA-1,2410.0,999,0.0232
CGGCGAACCAGTCA-1,3765.0,1241,0.021
CGGCGAACGACAAA-1,1589.0,790,0.0088
CGGCGAACGGTCTA-1,2498.0,878,0.0156
CGGCGAACTACTTC-1,1729.0,778,0.0202
CGGGACTGCGTGTA-1,4278.0,1066,0.025
CGGGACTGGAATAG-1,2013.0,815,0.0338
CGGGCATGACCCAA-1,1032.0,465,0.0465
CGGGCATGTCTCTA-1,2865.0,1079,0.0206
CGGGCATGTTGTGG-1,2197.0,743,0.0164
CGGTAAACTCGCAA-1,3145.0,1098,0.0137
CGGTCACTGTTTGG-1,2140.0,807,0.0182
CGGTCACTTACTTC-1,3248.0,1120,0.0132
CGTAACGAATCAGC-1,1220.0,462,0.0533
CGTAACGATCGCCT-1,3416.0,1025,0.0155
CGTACCACACACAC-1,2085.0,805,0.0173
CGTACCACACGTTG-1,2159.0,676,0.0148
CGTACCACCTCATT-1,2382.0,828,0.0223
CGTACCACGCTACA-1,893.0,418,0.0683
CGTACCACGGAGCA-1,2132.0,763,0.0197
CGTACCTGGCATCA-1,2473.0,997,0.0251
CGTAGCCTCTCTCG-1,2311.0,852,0.0203
CGTAGCCTGCGAAG-1,2242.0,866,0.012
CGTAGCCTGTATGC-1,3499.0,1118,0.0412
CGTCAAGAAAGGTA-1,1114.0,508,0.0242
CGTCAAGAACGTGT-1,2816.0,928,0.0156
CGTCAAGACAGAGG-1,2750.0,958,0.0193
CGTCAAGACAGGAG-1,2163.0,932,0.0199
CGTCCATGCTCTTA-1,2746.0,892,0.0131
CGTCGACTTTCCGC-1,2190.0,905,0.0164
CGTGATGACGCTAA-1,909.0,494,0.0187
CGTGATGAGGTTCA-1,1749.0,710,0.032
CGTGCACTTATGGC-1,3071.0,1068,0.0153
CGTGTAGAAAAACG-1,2028.0,795,0.0217
CGTGTAGACGATAC-1,1654.0,787,0.0145
CGTGTAGAGTTACG-1,2075.0,951,0.0178
CGTGTAGAGTTCAG-1,1890.0,720,0.0175
CGTGTAGATTCGGA-1,1674.0,842,0.0161
CGTTAGGAAACCAC-1,2243.0,890,0.0201
CGTTAGGATCATTC-1,4084.0,1355,0.0122
CGTTATACCCTGAA-1,2389.0,1005,0.0326
CGTTTAACTGGTCA-1,2767.0,872,0.0141
CTAAACCTCTGACA-1,2533.0,1185,0.0363
CTAAACCTGTGCAT-1,2520.0,912,0.0143
CTAACACTAACGTC-1,2764.0,869,0.0376
CTAACACTAGTGCT-1,2355.0,894,0.0229
CTAACGGAACCGAT-1,1999.0,997,0.0155
CTAACGGATTTCTG-1,2257.0,770,0.0137
CTAACTACGGCAAG-1,1287.0,554,0.0124
CTAAGGACACCATG-1,2135.0,806,0.0267
CTAAGGACCGTTAG-1,5485.0,1426,0.0175
CTAAGGACGCCATA-1,2879.0,1012,0.0198
CTAAGGTGCCTAAG-1,1111.0,452,0.018
CTAAGGTGTTGCAG-1,2959.0,896,0.0382
CTAAGGTGTTTCTG-1,1009.0,426,0.0089
CTAATAGAGCTATG-1,600.0,239,0.0017
CTAATGCTTGTGGT-1,2067.0,829,0.0285
CTACAACTCCCGTT-1,2194.0,895,0.0205
CTACCTCTCAACCA-1,2334.0,787,0.0081
CTACGCACACCTAG-1,3713.0,1139,0.025
CTACGCACTCTCCG-1,2639.0,925,0.0133
CTACGCACTGGTCA-1,2471.0,1015,0.0206
CTACGGCTTTCTTG-1,3914.0,1360,0.0166
CTACTATGAACCAC-1,3188.0,1097,0.0242
CTACTATGATGTGC-1,1663.0,650,0.0235
CTACTATGCTAAGC-1,2706.0,853,0.024
CTACTATGTAAAGG-1,1265.0,549,0.0253
CTACTCCTATGTCG-1,2181.0,1052,0.0183
CTACTCCTGCCATA-1,586.0,307,0.0375
CTAGAGACACTTTC-1,3201.0,1152,0.0191
CTAGAGACAGCATC-1,2206.0,907,0.0082
CTAGAGACTTTGGG-1,5522.0,1628,0.0335
CTAGATCTCTCTAT-1,1822.0,731,0.0181
CTAGATCTTCGACA-1,2392.0,897,0.0142
CTAGGATGAGCCTA-1,5878.0,1749,0.0157
CTAGGATGATCGTG-1,2159.0,762,0.0171
CTAGGCCTCTCAGA-1,1998.0,712,0.002
CTAGGTGATGGTTG-1,3254.0,1195,0.0194
CTAGTTACCAGAGG-1,2741.0,851,0.0193
CTAGTTACCGCATA-1,2360.0,864,0.022
CTAGTTACGAAACA-1,2247.0,968,0.0227
CTAGTTTGAGTACC-1,1601.0,742,0.0562
CTATAAGATCGTTT-1,2736.0,845,0.0106
CTATACTGAGGTTC-1,732.0,331,0.0041
CTATACTGCCAGTA-1,2692.0,840,0.0212
CTATACTGCGCTAA-1,1857.0,734,0.0162
CTATACTGCTACGA-1,2130.0,948,0.0188
CTATACTGTCTCAT-1,1774.0,842,0.04
CTATACTGTTCGTT-1,4789.0,1543,0.0123
CTATAGCTGTCACA-1,2124.0,661,0.0198
CTATAGCTTCGCTC-1,2543.0,981,0.0275
CTATAGCTTGCCTC-1,2498.0,912,0.034
CTATCAACGAACTC-1,2522.0,912,0.0214
CTATCAACGCAGAG-1,3163.0,1063,0.0224
CTATCAACTTTGGG-1,2057.0,683,0.0335
CTATCCCTCCACCT-1,2173.0,823,0.0221
CTATGTACGAGAGC-1,3145.0,996,0.0118
CTATGTACGCTTAG-1,2074.0,695,0.0193
CTATGTACTGTTTC-1,4826.0,1483,0.012
CTATGTTGAAAGCA-1,3168.0,927,0.0196
CTATGTTGTCCTCG-1,1635.0,574,0.0141
CTATGTTGTCTCGC-1,3494.0,1052,0.0243
CTATTGACAAACGA-1,1289.0,571,0.0427
CTATTGACACTGGT-1,2940.0,1028,0.0221
CTATTGACGGTGAG-1,3968.0,1263,0.0161
CTATTGTGGCAAGG-1,1939.0,671,0.0361
CTCAATTGGTTCAG-1,3237.0,958,0.0136
CTCAATTGGTTGCA-1,1908.0,747,0.0314
CTCAGAGATAGAAG-1,2568.0,866,0.0136
CTCAGCACTCTAGG-1,2344.0,896,0.0201
CTCAGCACTGAACC-1,1153.0,489,0.0147
CTCAGCACTTGCAG-1,1860.0,643,0.0156
CTCAGCTGAACCTG-1,2928.0,923,0.0256
CTCAGCTGCAGTTG-1,2342.0,820,0.0248
CTCAGCTGTTTCTG-1,1857.0,646,0.0517
CTCAGGCTCGTTGA-1,4505.0,1466,0.0246
CTCAGGCTGCTAAC-1,1198.0,550,0.0167
CTCATTGACCTTAT-1,3103.0,1112,0.0068
CTCATTGATGCTTT-1,3007.0,1006,0.0213
CTCCACGAGAGATA-1,4639.0,1448,0.0203
CTCCATCTCTTAGG-1,2109.0,727,0.0119
CTCCATCTGACGAG-1,2887.0,899,0.0152
CTCCGAACAAGTGA-1,2446.0,998,0.0225
CTCCTACTGCCTTC-1,1292.0,563,0.0372
CTCGAAGATGTGGT-1,2952.0,870,0.023
CTCGAAGATTAGGC-1,2373.0,903,0.0097
CTCGACTGCTCTAT-1,1144.0,516,0.0105
CTCGACTGGGTGAG-1,2023.0,754,0.0173
CTCGACTGGTTGAC-1,1814.0,879,0.0226
CTCGAGCTCTGGAT-1,1157.0,588,0.0095
CTCGCATGACTTTC-1,1839.0,740,0.043
CTCGCATGCTTAGG-1,2190.0,798,0.0356
CTCTAAACCTCGAA-1,2272.0,798,0.0106
CTCTAAACGGCGAA-1,2003.0,653,0.0175
CTCTAATGTCCAAG-1,2339.0,902,0.0299
CTGAACGACAGTCA-1,2732.0,990,0.0088
CTGAACGATGAGGG-1,1538.0,724,0.0234
CTGAAGACCCAACA-1,2753.0,953,0.0269
CTGAAGACGTGCAT-1,2300.0,891,0.0257
CTGAAGTGAAGCCT-1,4073.0,1437,0.03
CTGAAGTGCAGCTA-1,1717.0,653,0.0134
CTGAAGTGGCTATG-1,1891.0,714,0.0085
CTGAAGTGTCCAGA-1,3300.0,956,0.0061
CTGAATCTGAATAG-1,2023.0,877,0.0188
CTGACAGAATCGTG-1,2700.0,1012,0.0104
CTGACCACAGCAAA-1,2478.0,824,0.0081
CTGAGAACCGGGAA-1,3916.0,1077,0.0207
CTGAGAACGTAAAG-1,1420.0,740,0.0176
CTGATACTAGTAGA-1,2229.0,692,0.0162
CTGATTTGGTGTTG-1,2994.0,1063,0.0117
CTGCAGCTAACCGT-1,2674.0,771,0.034
CTGCAGCTGACACT-1,3102.0,808,0.0071
CTGCAGCTGGATTC-1,4046.0,1389,0.0156
CTGCAGCTTGGCAT-1,3900.0,1264,0.0231
CTGCCAACAGGAGC-1,2857.0,952,0.0298
CTGCCAACCAGCTA-1,2211.0,816,0.0127
CTGCCAACTAACCG-1,2264.0,795,0.0203
CTGCCAACTGCTCC-1,1870.0,795,0.0273
CTGCCAACTTGCAG-1,2344.0,760,0.0324
CTGCCAACTTGCTT-1,2332.0,886,0.0227
CTGCGACTCCACCT-1,688.0,349,0.0349
CTGGAAACAAACGA-1,2367.0,868,0.0287
CTGGAAACATCGAC-1,2151.0,842,0.0139
CTGGATGACTGGAT-1,2037.0,819,0.028
CTGGATGACTTGTT-1,1457.0,626,0.0412
CTGGATGATGTGAC-1,869.0,418,0.0161
CTGGCACTCAAGCT-1,2565.0,903,0.0195
CTGGCACTGGACAG-1,1555.0,626,0.0617
CTGTAACTAACCAC-1,2167.0,838,0.0295
CTGTAACTAGCGTT-1,1983.0,723,0.0096
CTGTATACGTAAAG-1,979.0,436,0.0204
CTGTATACGTACGT-1,3504.0,1112,0.0345
CTGTATACGTTGGT-1,1828.0,724,0.0088
CTGTGAGACAACCA-1,4059.0,1299,0.0229
CTGTGAGACCTTGC-1,1662.0,719,0.0421
CTGTGAGACGAACT-1,2277.0,843,0.0136
CTGTGAGACTGTAG-1,3256.0,1090,0.0236
CTTAAAGAACCTGA-1,2297.0,696,0.0157
CTTAACACCTGTAG-1,2068.0,885,0.0169
CTTAACACGAGCTT-1,3211.0,1144,0.0533
CTTAACACTATCGG-1,1748.0,627,0.0229
CTTAAGCTACCTAG-1,2362.0,809,0.0207
CTTAAGCTAGTACC-1,920.0,423,0.0174
CTTAAGCTCATCAG-1,1860.0,729,0.0306
CTTAAGCTCCGCTT-1,2374.0,853,0.0299
CTTAAGCTTCCTCG-1,1724.0,713,0.0522
CTTACAACTAACGC-1,2369.0,855,0.0173
CTTACAACTCCCGT-1,1505.0,608,0.012
CTTACTGACGTACA-1,1857.0,627,0.0221
CTTAGACTAAACGA-1,2396.0,823,0.0129
CTTAGGGACTTGCC-1,2991.0,1063,0.0067
CTTAGGGAGAATCC-1,1638.0,575,0.0232
CTTATCGACTCATT-1,1966.0,743,0.0193
CTTCACCTACCTGA-1,4888.0,1528,0.0239
CTTCATGAAGCATC-1,1927.0,681,0.0176
CTTCATGAAGTACC-1,1324.0,544,0.0189
CTTCATGACCGAAT-1,937.0,422,0.0352
CTTGAACTACGCAT-1,2077.0,731,0.0164
CTTGATTGAGGTTC-1,2005.0,920,0.017
CTTGATTGATCTTC-1,2094.0,761,0.0253
CTTGATTGCATTCT-1,2276.0,884,0.0294
CTTGATTGTTTCGT-1,3235.0,982,0.0111
CTTGTATGACACCA-1,2020.0,784,0.0129
CTTGTATGCGCAAT-1,1035.0,496,0.0193
CTTTACGAGCGAAG-1,1483.0,573,0.0405
CTTTAGACCGTGAT-1,1507.0,521,0.0252
CTTTAGACGAGACG-1,2251.0,663,0.0209
CTTTAGACGATACC-1,2500.0,794,0.0116
CTTTAGACGTTGGT-1,2937.0,975,0.033
CTTTAGACTCATTC-1,2511.0,856,0.0323
CTTTAGTGACGGGA-1,2214.0,978,0.0203
CTTTAGTGGGTGGA-1,1648.0,590,0.0158
CTTTCAGAGAAACA-1,2496.0,905,0.0136
CTTTGATGAGCACT-1,2020.0,695,0.0139
CTTTGATGTCTAGG-1,1935.0,816,0.0295
CTTTGATGTGTCCC-1,3462.0,976,0.024
CTTTGATGTGTGGT-1,2490.0,816,0.0165
GAAACAGAACTACG-1,1960.0,753,0.0138
GAAACAGAATCACG-1,2180.0,791,0.0202
GAAACAGACATTCT-1,2572.0,858,0.0156
GAAACCTGATCGTG-1,2487.0,813,0.0137
GAAACCTGATGCCA-1,2390.0,841,0.0222
GAAACCTGCTTATC-1,3639.0,1085,0.0102
GAAACCTGGACTAC-1,5328.0,1692,0.0259
GAAACCTGTGCTAG-1,1723.0,716,0.0168
GAAAGATGATTTCC-1,2501.0,955,0.0124
GAAAGATGCTGATG-1,4691.0,1467,0.0232
GAAAGATGCTTCGC-1,2316.0,741,0.0099
GAAAGATGTAAGGA-1,651.0,296,0.0415
GAAAGATGTTTGCT-1,1291.0,540,0.0565
GAAAGCCTACGTTG-1,2282.0,738,0.0184
GAAAGTGAAAGTGA-1,6177.0,1573,0.0259
GAAAGTGACCACAA-1,3255.0,1119,0.0264
GAAAGTGACTCAAG-1,3359.0,918,0.0253
GAAATACTACCAAC-1,561.0,283,0.016
GAAATACTCTTAGG-1,2039.0,703,0.0235
GAAATACTTCCTCG-1,2036.0,842,0.0167
GAACACACGTGCAT-1,3828.0,1253,0.0243
GAACACACTGCCTC-1,2168.0,676,0.0406
GAACAGCTAACTGC-1,5494.0,1636,0.0233
GAACAGCTCTCAGA-1,4199.0,1273,0.0295
GAACCAACCACAAC-1,863.0,380,0.0151
GAACCAACTTCCGC-1,1610.0,799,0.0205
GAACCTGAACGTGT-1,4756.0,1491,0.032
GAACCTGAGAGACG-1,2490.0,878,0.008
GAACCTGATGAACC-1,2871.0,939,0.0129
GAACGGGATACTTC-1,2033.0,725,0.0148
GAACGTTGACGGAG-1,1209.0,563,0.0538
GAACTGTGACCTGA-1,4027.0,1365,0.0201
GAACTGTGCCAGTA-1,2040.0,818,0.0181
GAAGAATGCAATCG-1,2090.0,719,0.0225
GAAGCGGACCTATT-1,4008.0,1343,0.023
GAAGCTACGAATGA-1,2610.0,905,0.0218
GAAGCTACGGTTTG-1,1763.0,837,0.0182
GAAGGGTGAAAGTG-1,2473.0,803,0.0081
GAAGGGTGCTTAGG-1,2939.0,990,0.0242
GAAGGTCTGAAAGT-1,2280.0,1084,0.0096
GAAGGTCTGTTGCA-1,3213.0,976,0.0128
GAAGGTCTTAAAGG-1,5640.0,1630,0.0168
GAAGTAGACTCCCA-1,1871.0,795,0.0235
GAAGTAGATCCAAG-1,4035.0,1408,0.0265
GAAGTCACCCTCGT-1,1853.0,771,0.0157
GAAGTCACCCTGTC-1,1978.0,650,0.0238
GAAGTCTGTCGCAA-1,1998.0,779,0.021
GAAGTCTGTTCTGT-1,2244.0,648,0.025
GAAGTGCTAAACGA-1,1806.0,817,0.0293
GAAGTGCTCCGCTT-1,3251.0,1127,0.028
GAAGTGCTTAACCG-1,2587.0,882,0.0228
GAATGCACCCTAAG-1,3039.0,954,0.0168
GAATGCACCTTCGC-1,1980.0,830,0.0202
GAATGCTGCGGTAT-1,2569.0,732,0.0389
GAATGGCTAAGATG-1,741.0,378,0.0918
GAATTAACGATAAG-1,2136.0,783,0.0126
GAATTAACGGTCAT-1,1914.0,756,0.0172
GAATTAACGTCGTA-1,1323.0,708,0.0151
GAATTAACTGAAGA-1,2481.0,976,0.021
GACAACACAGGCGA-1,2578.0,718,0.0159
GACAACACATCGTG-1,2592.0,887,0.022
GACAACACTCGCCT-1,2229.0,809,0.0157
GACAACTGAGGTTC-1,2501.0,795,0.02
GACAGGGAAGAGTA-1,1574.0,662,0.0286
GACAGGGAATGCCA-1,2543.0,912,0.0118
GACAGTACGAGCTT-1,4933.0,1550,0.0243
GACAGTACTTCGGA-1,5193.0,1509,0.0479
GACAGTTGAGTAGA-1,3107.0,1021,0.0158
GACATTCTCCACCT-1,6193.0,1751,0.025
GACCAAACGACTAC-1,2043.0,776,0.0392
GACCAAACGTATCG-1,2228.0,910,0.0296
GACCATGACTCTCG-1,1018.0,446,0.0727
GACCCTACTAAAGG-1,1493.0,714,0.0147
GACCTAGACCTCAC-1,1178.0,530,0.0492
GACCTAGACGAGAG-1,2591.0,846,0.0432
GACCTCACAAGGTA-1,1825.0,631,0.0159
GACCTCACGTACGT-1,3514.0,1152,0.0228
GACCTCTGCATCAG-1,4014.0,1118,0.0219
GACGAACTCCCACT-1,2191.0,755,0.0146
GACGATTGCCAATG-1,1186.0,573,0.0152
GACGCCGACCTTCG-1,2708.0,1176,0.0174
GACGCTCTCTCTCG-1,683.0,267,0.0322
GACGGCACACGGGA-1,1803.0,918,0.01
GACGGCACGAGATA-1,3154.0,1132,0.0222
GACGTAACCTATGG-1,2218.0,849,0.014
GACGTAACCTGTGA-1,2521.0,938,0.0167
GACGTAACTATGGC-1,3219.0,1140,0.0177
GACGTATGTTGACG-1,2554.0,909,0.009
GACGTATGTTTGCT-1,2410.0,840,0.0112
GACGTCCTACGGAG-1,2226.0,806,0.0166
GACGTCCTCTCAAG-1,2413.0,904,0.0265
GACGTCCTGATAAG-1,2256.0,788,0.016
GACTACGATGGTCA-1,1874.0,778,0.0171
GACTCCTGCTCGCT-1,1862.0,715,0.0344
GACTCCTGGGTTAC-1,2649.0,869,0.0257
GACTCCTGTTATCC-1,1462.0,714,0.0233
GACTCCTGTTGGTG-1,2720.0,883,0.0206
GACTGAACAACCGT-1,663.0,332,0.0573
GACTGAACCAATCG-1,2301.0,767,0.0113
GACTGATGTGATGC-1,2650.0,858,0.0136
GACTTTACATGCCA-1,2480.0,788,0.0093
GACTTTACGACAGG-1,1350.0,553,0.0156
GAGAAATGTTCTCA-1,2056.0,634,0.0321
GAGATAGAAAAAGC-1,3327.0,1230,0.0165
GAGATCACGACAAA-1,3174.0,1131,0.0202
GAGATGCTCTGGAT-1,2075.0,849,0.028
GAGATGCTGAATGA-1,1804.0,811,0.0177
GAGCAGGATTCCCG-1,1900.0,827,0.0174
GAGCATACTTTGCT-1,6694.0,1753,0.0167
GAGCGCACGCGTAT-1,1777.0,713,0.0276
GAGCGCACGGTGAG-1,1056.0,484,0.0464
GAGCGCTGAAGATG-1,1631.0,783,0.0288
GAGCGCTGTCTTAC-1,1979.0,722,0.0147
GAGCGGCTGGGAGT-1,1520.0,596,0.0243
GAGGACGACTCAGA-1,1171.0,514,0.0128
GAGGATCTGAAAGT-1,717.0,372,0.0042
GAGGCAGACTTGCC-1,2239.0,925,0.0121
GAGGGAACACCAGT-1,1677.0,747,0.006
GAGGGAACGAGGGT-1,1827.0,840,0.0235
GAGGGATGGGAAAT-1,1497.0,673,0.02
GAGGGCCTTCACCC-1,2480.0,955,0.027
GAGGGTGAAGAGTA-1,2599.0,796,0.0154
GAGGTACTACGGTT-1,2041.0,719,0.0304
GAGGTACTACTCAG-1,1980.0,718,0.0202
GAGGTACTGACACT-1,1922.0,857,0.0135
GAGGTACTGGGAGT-1,1321.0,578,0.0083
GAGGTACTTAGCGT-1,3386.0,1063,0.0284
GAGGTGGAGTACGT-1,1515.0,594,0.0409
GAGGTGGATCCTCG-1,1988.0,997,0.0196
GAGGTTACTCGTTT-1,3757.0,1268,0.0125
GAGGTTTGTAAGCC-1,684.0,341,0.0336
GAGTCAACCATTCT-1,897.0,388,0.0178
GAGTCAACGGGAGT-1,2627.0,753,0.019
GAGTCTGATCGTGA-1,2354.0,834,0.0127
GAGTCTGATTTGGG-1,1493.0,593,0.0208
GAGTGACTCAGCTA-1,2887.0,1189,0.0163
GAGTGACTCGGTAT-1,2183.0,911,0.0151
GAGTGACTCTTGCC-1,1833.0,738,0.0153
GAGTGACTGACTAC-1,1256.0,476,0.0406
GAGTGACTGTCTAG-1,2146.0,816,0.0196
GAGTGGGAGTCTTT-1,1581.0,641,0.0253
GAGTGGGATGCCCT-1,2475.0,746,0.0206
GAGTGGGATGCTGA-1,1498.0,635,0.0194
GAGTGTTGCTGTAG-1,2790.0,953,0.0208
GAGTGTTGTGGTCA-1,2044.0,801,0.0161
GAGTTGTGCATGGT-1,693.0,326,0.0274
GAGTTGTGCTGAGT-1,2000.0,849,0.023
GAGTTGTGGCGAGA-1,1225.0,499,0.0122
GAGTTGTGGTAGCT-1,2422.0,865,0.0091
GAGTTGTGTATGCG-1,4179.0,1420,0.0254
GATAAGGAGAAACA-1,1139.0,487,0.0307
GATAAGGATTCACT-1,2518.0,876,0.0278
GATACTCTATCGGT-1,2343.0,797,0.0166
GATACTCTTACTTC-1,2881.0,981,0.0288
GATACTCTTGACTG-1,2146.0,756,0.0261
GATAGAGAAGGGTG-1,2063.0,850,0.031
GATAGAGACTGTGA-1,3964.0,1097,0.0096
GATAGAGATCACGA-1,2811.0,998,0.0142
GATAGCACCCATAG-1,2638.0,829,0.0208
GATAGCACGAAGGC-1,3630.0,1159,0.0196
GATAGCACTTGTCT-1,2942.0,955,0.0204
GATATAACAAGGTA-1,3234.0,1061,0.0158
GATATAACACGCAT-1,2247.0,696,0.0071
GATATATGCTGGAT-1,2668.0,786,0.0225
GATATATGTCCGTC-1,1819.0,743,0.0148
GATATATGTGGAGG-1,3775.0,1211,0.0252
GATATCCTAGAAGT-1,2302.0,893,0.013
GATATCCTCCCGTT-1,1071.0,491,0.0131
GATATTGACAGGAG-1,1736.0,744,0.0363
GATATTGACGAGTT-1,4410.0,1447,0.0136
GATATTGAGCCAAT-1,2424.0,767,0.0149
GATCCCTGACCTTT-1,2213.0,1050,0.0108
GATCCCTGTGTAGC-1,2324.0,853,0.0146
GATCCGCTGGTCAT-1,3070.0,1118,0.0173
GATCGAACCGAGAG-1,4590.0,1428,0.0248
GATCGATGACTAGC-1,1137.0,555,0.0088
GATCGATGGTAAAG-1,1771.0,612,0.0186
GATCGATGTAAGGA-1,2504.0,854,0.0128
GATCGTGACACTAG-1,2252.0,789,0.0173
GATCGTGATTCACT-1,2068.0,889,0.0106
GATCTACTGGTGAG-1,1969.0,784,0.0269
GATCTACTTTGCAG-1,1624.0,712,0.0117
GATCTTACACCCAA-1,3608.0,1323,0.0258
GATCTTACCCTACC-1,2803.0,921,0.0243
GATCTTACGAATAG-1,1542.0,682,0.0208
GATCTTACGAGATA-1,2202.0,794,0.0268
GATGCAACTCCAGA-1,2487.0,846,0.0088
GATGCCCTACGTAC-1,2810.0,1012,0.0253
GATGCCCTCTCATT-1,2403.0,839,0.0137
GATGCCCTGGCAAG-1,2300.0,807,0.01
GATGCCCTTTTGCT-1,1525.0,587,0.0361
GATTACCTTGTTCT-1,2471.0,881,0.0198
GATTCGGAACGACT-1,2625.0,781,0.0248
GATTCGGACAGGAG-1,2873.0,1010,0.0164
GATTCGGAGAAGGC-1,3634.0,1182,0.0237
GATTCTTGATTCGG-1,3001.0,1149,0.016
GATTCTTGCCGATA-1,2262.0,812,0.0203
GATTCTTGCGAGTT-1,1550.0,607,0.0271
GATTGGACCCGTTC-1,3465.0,1155,0.013
GATTGGACGGTGTT-1,1759.0,714,0.0318
GATTGGACTTTCGT-1,1634.0,642,0.0202
GATTGGTGTGTCAG-1,3236.0,1088,0.0117
GATTTAGACACTCC-1,4120.0,1291,0.0316
GATTTAGACTAAGC-1,2967.0,1196,0.0138
GATTTAGATTCGTT-1,664.0,325,0.0151
GATTTGCTAACGAA-1,2322.0,804,0.0181
GATTTGCTAACGGG-1,691.0,370,0.0116
GCAACCCTCCTCGT-1,744.0,359,0.0161
GCAACTGATTGCGA-1,2805.0,855,0.0264
GCAAGACTACTGGT-1,2894.0,1165,0.0062
GCAAGACTAGGTCT-1,2191.0,836,0.0283
GCAAGACTCCCTTG-1,2701.0,923,0.0207
GCAATCGACTGCAA-1,2346.0,863,0.0354
GCAATCGAGACGTT-1,3899.0,1284,0.0305
GCAATCGATCCTTA-1,3054.0,1011,0.0216
GCAATTCTCGTGTA-1,2592.0,889,0.0189
GCAATTCTTCTCCG-1,3262.0,984,0.0181
GCACAAACAATGCC-1,1240.0,512,0.0347
GCACAAACGGTACT-1,2829.0,939,0.0113
GCACAATGGTGCAT-1,2612.0,883,0.0119
GCACACCTGTGCTA-1,1376.0,697,0.0218
GCACCACTCATGAC-1,3644.0,1211,0.0159
GCACCACTGTTTGG-1,776.0,362,0.0155
GCACCACTTCCTTA-1,1945.0,969,0.0293
GCACCACTTTCGGA-1,3246.0,1135,0.0176
GCACCTACGCGATT-1,4274.0,1239,0.011
GCACCTTGGCTGTA-1,1753.0,580,0.0137
GCACCTTGGGGAGT-1,3740.0,1103,0.0195
GCACGGACCAGCTA-1,3172.0,975,0.0164
GCACGGTGACCTCC-1,2262.0,825,0.0119
GCACGGTGCTATGG-1,3105.0,1170,0.0258
GCACTAGAACGGGA-1,2493.0,921,0.0253
GCACTAGAAGATGA-1,1548.0,640,0.0245
GCACTAGACCTTTA-1,3630.0,1180,0.024
GCACTAGACGTAAC-1,745.0,378,0.0188
GCACTAGAGTCGTA-1,2424.0,982,0.0235
GCACTAGATGCAAC-1,2667.0,916,0.0139
GCACTGCTGAGGCA-1,3473.0,1122,0.0184
GCAGATACAGCGTT-1,2093.0,792,0.0373
GCAGATACGACGGA-1,1670.0,619,0.0162
GCAGATACGCAGAG-1,2140.0,750,0.022
GCAGCCGACAGTCA-1,3037.0,913,0.028
GCAGCGTGCACTCC-1,2298.0,775,0.0126
GCAGCTCTCAATCG-1,1860.0,661,0.0118
GCAGCTCTGTTTCT-1,1688.0,766,0.0118
GCAGGGCTAAGAAC-1,2969.0,768,0.0195
GCAGGGCTAAGGGC-1,1466.0,675,0.0157
GCAGGGCTATCGAC-1,1981.0,944,0.0232
GCAGGGCTTGGGAG-1,2195.0,940,0.0492
GCAGTCCTAACTGC-1,2107.0,761,0.0214
GCAGTCCTCTCTTA-1,1832.0,727,0.0202
GCATCAGATGCGTA-1,2047.0,767,0.0386
GCATGTGACAAGCT-1,2951.0,873,0.0224
GCATTGGAGAAGGC-1,3069.0,1043,0.0121
GCCAAAACGAGGCA-1,2087.0,850,0.0446
GCCAAATGATCGAC-1,2887.0,995,0.0197
GCCAACCTACGGTT-1,2141.0,680,0.022
GCCAACCTCGCCTT-1,1770.0,595,0.0119
GCCACGGAGGCGAA-1,2000.0,700,0.0175
GCCACGGATACTGG-1,2411.0,753,0.0212
GCCACTACCTACTT-1,1737.0,682,0.0535
GCCACTACGTCTTT-1,2097.0,736,0.0224
GCCCAACTACCGAT-1,2579.0,891,0.0155
GCCCAACTATGGTC-1,1833.0,685,0.0185
GCCCATACAGCGTT-1,1959.0,780,0.0041
GCCGACGAACTCTT-1,2982.0,986,0.0208
GCCGAGTGCGTTGA-1,3191.0,989,0.0304
GCCGGAACGAACTC-1,2325.0,830,0.0215
GCCGGAACGTTCTT-1,1582.0,810,0.0265
GCCGGAACTGCACA-1,1591.0,685,0.049
GCCGGAACTTACTC-1,2021.0,784,0.0109
GCCGTACTACCTGA-1,2258.0,642,0.035
GCCGTACTGGCAAG-1,1698.0,742,0.0365
GCCTACACAGTTCG-1,2058.0,961,0.0151
GCCTACACCACTGA-1,2617.0,906,0.021
GCCTACACCTTGAG-1,2817.0,829,0.0085
GCCTAGCTACGGAG-1,1730.0,621,0.0098
GCCTAGCTCTATTC-1,2419.0,822,0.0165
GCCTAGCTTCTCAT-1,2155.0,717,0.0213
GCCTAGCTTCTCTA-1,3411.0,1210,0.0331
GCCTCAACCATGGT-1,2602.0,800,0.0111
GCCTCATGTCTTAC-1,2173.0,749,0.0304
GCCTGACTCTCAAG-1,2004.0,757,0.0145
GCGAAGGAACTCTT-1,1247.0,570,0.0233
GCGAAGGATGCCAA-1,2468.0,831,0.0199
GCGAGAGAGGGACA-1,1883.0,721,0.0117
GCGAGCACTGTCGA-1,613.0,336,0.0196
GCGAGCACTTGACG-1,2283.0,802,0.025
GCGAGCACTTGCTT-1,3144.0,1001,0.0305
GCGATATGGTACGT-1,2071.0,886,0.0101
GCGATATGGTGTTG-1,1762.0,631,0.0244
GCGCACGAAGTCGT-1,2266.0,759,0.0278
GCGCACGACTTTAC-1,1689.0,631,0.0154
GCGCATCTAGGTCT-1,1395.0,550,0.0136
GCGCATCTGGTTAC-1,2518.0,984,0.0286
GCGCATCTTCGATG-1,2297.0,767,0.0165
GCGCATCTTGCTCC-1,1995.0,835,0.0211
GCGCATCTTTCTAC-1,2508.0,777,0.0175
GCGCGAACGTTCTT-1,1661.0,639,0.0138
GCGCGATGAACGGG-1,2635.0,860,0.0099
GCGCGATGGTGCAT-1,3228.0,1413,0.0328
GCGGAGCTCCTGAA-1,1952.0,747,0.0154
GCGGCAACCCGATA-1,2372.0,779,0.0105
GCGGCAACGGAGGT-1,1320.0,540,0.0288
GCGGCAACTGTCGA-1,701.0,367,0.0471
GCGTAAACACGGTT-1,5928.0,1629,0.0214
GCGTAATGCACCAA-1,3970.0,1380,0.0275
GCGTATGAACACCA-1,2132.0,689,0.023
GCGTATGATGAGAA-1,2732.0,1001,0.0099
GCTACAGAAAGGTA-1,2454.0,809,0.0118
GCTACAGAATCTTC-1,648.0,337,0.0185
GCTACAGATCTTAC-1,2112.0,734,0.0682
GCTACCTGAGAAGT-1,3296.0,1103,0.0449
GCTACCTGATCACG-1,2168.0,796,0.0106
GCTACGCTAGAATG-1,2980.0,966,0.0419
GCTACGCTAGCTAC-1,2110.0,782,0.0384
GCTACGCTCCCTAC-1,2759.0,1018,0.013
GCTAGAACAGAGGC-1,1513.0,642,0.0165
GCTAGAACGGATCT-1,2700.0,967,0.0219
GCTAGAACTCCCGT-1,1104.0,436,0.0181
GCTAGATGAGCTCA-1,2305.0,826,0.0338
GCTAGATGGCGATT-1,2016.0,779,0.0283
GCTATACTAAGGCG-1,3088.0,1000,0.0149
GCTATACTAGCGTT-1,1509.0,601,0.0391
GCTATACTCTCTTA-1,2780.0,796,0.0198
GCTATACTGGACGA-1,2824.0,945,0.0241
GCTCAAGAACCATG-1,5557.0,1679,0.018
GCTCAAGAAGTCAC-1,3219.0,1123,0.0236
GCTCAGCTGTCTAG-1,1683.0,596,0.0113
GCTCCATGAGAAGT-1,2130.0,995,0.0141
GCTCCATGCCGAAT-1,1954.0,720,0.0102
GCTCGACTCTAGTG-1,1418.0,588,0.0275
GCTGATGAGGTATC-1,1908.0,759,0.0262
GCTTAACTACAGTC-1,916.0,452,0.0295
GCTTAACTACTGGT-1,1799.0,780,0.0217
GCTTAACTGCTGAT-1,2605.0,836,0.005
GCTTAACTTAGACC-1,1124.0,515,0.0391
GCTTAACTTCAGTG-1,2711.0,846,0.0162
GGAACACTCACTTT-1,778.0,392,0.0193
GGAACACTTCAGAC-1,628.0,283,0.0287
GGAACTACTACTTC-1,1806.0,710,0.026
GGAACTTGAAGGTA-1,3452.0,1158,0.0249
GGAACTTGAGAATG-1,2303.0,796,0.0321
GGAACTTGCTCCAC-1,2406.0,895,0.0179
GGAACTTGGGTAGG-1,1740.0,585,0.0437
GGAAGGACATCGGT-1,1387.0,559,0.0094
GGAAGGACCACTAG-1,2054.0,859,0.0112
GGAAGGACGAGGGT-1,2881.0,879,0.0337
GGAAGGACGCGAAG-1,2169.0,858,0.0198
GGAAGGTGGCGAGA-1,1633.0,842,0.0233
GGAATCTGAAGGGC-1,1734.0,643,0.0213
GGAATCTGAGGAGC-1,3501.0,1308,0.012
GGAATCTGCTTAGG-1,1513.0,595,0.0231
GGAATCTGCTTGTT-1,3350.0,1181,0.0487
GGAATCTGGGAGGT-1,2668.0,909,0.0079
GGAATGCTTTCTAC-1,2254.0,710,0.0151
GGACAGGAAAGGGC-1,2177.0,821,0.0381
GGACAGGAGTGCTA-1,2028.0,817,0.0242
GGACAGGATCTCGC-1,2191.0,841,0.0123
GGACCCGAAGCTAC-1,3323.0,1197,0.0163
GGACCGTGCTTACT-1,1555.0,640,0.0109
GGACCGTGGGAACG-1,4455.0,1425,0.0281
GGACCGTGTAACGC-1,2914.0,947,0.0226
GGACCTCTGTAAGA-1,2399.0,900,0.0325
GGACCTCTTTTCTG-1,2024.0,852,0.0306
GGACGAGAGTGTCA-1,930.0,460,0.0258
GGACGCTGACGCAT-1,3051.0,1100,0.0285
GGACGCTGCTAGCA-1,3129.0,824,0.0198
GGACGCTGTCCTCG-1,1529.0,780,0.0137
GGAGAGACGTGAGG-1,2677.0,932,0.0161
GGAGCAGATTCAGG-1,1324.0,542,0.0272
GGAGCCACCTTCTA-1,3351.0,1137,0.0158
GGAGCGCTACGCAT-1,3766.0,1225,0.0149
GGAGCGCTCCGAAT-1,3246.0,997,0.0117
GGAGGATGCCACCT-1,1585.0,572,0.0095
GGAGGATGGTTGAC-1,1792.0,780,0.0201
GGAGGATGTCAGTG-1,2009.0,765,0.0234
GGAGGCCTCGTTGA-1,1941.0,906,0.016
GGAGGCCTTTCTTG-1,2408.0,793,0.0212
GGAGGTGATACGCA-1,2326.0,753,0.0219
GGAGGTGATCGCTC-1,1813.0,772,0.0193
GGATACTGCAGCTA-1,2652.0,854,0.0173
GGATACTGTCTAGG-1,2715.0,936,0.0136
GGATAGCTCGTCTC-1,3054.0,1048,0.0183
GGATAGCTCTGAAC-1,2053.0,819,0.0312
GGATGTACCAAAGA-1,1887.0,645,0.0164
GGATGTACGCGAAG-1,1595.0,619,0.0157
GGATGTACGTCTTT-1,562.0,314,0.0302
GGATGTACGTGTCA-1,1638.0,726,0.0317
GGATTTCTAGGTTC-1,1902.0,737,0.0231
GGATTTCTTTGTCT-1,3345.0,1162,0.0194
GGCAAGGAAAAAGC-1,2377.0,1081,0.0215
GGCAAGGAAGAAGT-1,2711.0,868,0.0177
GGCAAGGACTTGGA-1,3094.0,1032,0.0223
GGCAAGGAGGACTT-1,2909.0,913,0.0158
GGCAATACGCTAAC-1,1078.0,476,0.0325
GGCAATACGGCATT-1,1109.0,490,0.0243
GGCAATACGTTTCT-1,2079.0,799,0.0221
GGCACGTGGCTTAG-1,3600.0,1201,0.0133
GGCACTCTTTTGTC-1,2545.0,997,0.0118
GGCATATGCTTATC-1,1940.0,898,0.0149
GGCATATGGGGAGT-1,575.0,212,0.0122
GGCATATGTGTGAC-1,5305.0,1586,0.0271
GGCCACGACAGAGG-1,891.0,427,0.0303
GGCCAGACTGGTTG-1,2564.0,947,0.0168
GGCCCAGAAAGTAG-1,2686.0,937,0.0108
GGCCGAACAACGAA-1,2354.0,724,0.0259
GGCCGAACGCAGAG-1,837.0,380,0.0358
GGCCGAACGTAGGG-1,1809.0,715,0.021
GGCCGAACTCTAGG-1,1494.0,739,0.006
GGCCGATGCAGGAG-1,2878.0,931,0.0142
GGCCGATGCCGAAT-1,2616.0,973,0.0134
GGCCGATGTACTCT-1,2608.0,773,0.0242
GGCGACACTGCCCT-1,4441.0,1497,0.0176
GGCGACTGCGTAAC-1,2524.0,906,0.0071
GGCGCATGCCTAAG-1,2096.0,798,0.0205
GGCGCATGCTCCAC-1,2535.0,953,0.0071
GGCGCATGTGGAAA-1,1201.0,471,0.0067
GGCGGACTAGAGGC-1,1760.0,821,0.017
GGCGGACTAGGAGC-1,1975.0,806,0.0167
GGCGGACTCTGACA-1,2076.0,714,0.0149
GGCGGACTCTTGGA-1,1934.0,828,0.0336
GGCGGACTTACTGG-1,2404.0,727,0.0316
GGCGGACTTGAACC-1,2112.0,773,0.0161
GGCTAAACACCTGA-1,2434.0,976,0.0053
GGCTAAACTCTTAC-1,2667.0,856,0.0169
GGCTAATGAGCACT-1,1650.0,727,0.0188
GGCTAATGGTCTAG-1,2255.0,761,0.0208
GGCTCACTACTCAG-1,3516.0,1084,0.0191
GGGAACGAAGCTCA-1,4322.0,1557,0.025
GGGAACGACACAAC-1,1713.0,693,0.0187
GGGAACGAGTGTCA-1,1149.0,559,0.0226
GGGAAGTGTTGAGC-1,1555.0,627,0.0431
GGGACCACACGTTG-1,1863.0,795,0.0263
GGGACCACAGAACA-1,2091.0,750,0.0234
GGGACCACGAATAG-1,2385.0,838,0.0126
GGGACCACGTCATG-1,2564.0,803,0.0207
GGGACCACTCAAGC-1,1064.0,453,0.0169
GGGACCACTCGTGA-1,2291.0,734,0.0227
GGGACCACTGCATG-1,1933.0,607,0.0171
GGGACCTGACCCTC-1,3080.0,1029,0.0175
GGGACCTGCTTGCC-1,2340.0,805,0.0197
GGGACCTGTGGAGG-1,1762.0,669,0.0323
GGGATGGACGACAT-1,1309.0,505,0.0107
GGGATGGATACTTC-1,2272.0,858,0.0277
GGGATGGATGGTTG-1,2068.0,832,0.0237
GGGATTACGTCTAG-1,3001.0,1019,0.0187
GGGCAAGATGCATG-1,1424.0,585,0.0239
GGGCACACGGTGAG-1,4258.0,1225,0.0345
GGGCACACGTTGCA-1,4082.0,1287,0.0208
GGGCAGCTTGGGAG-1,2246.0,903,0.0245
GGGCAGCTTTTCTG-1,2333.0,752,0.0159
GGGCCAACGCGTTA-1,2178.0,774,0.0257
GGGCCAACTACGCA-1,1435.0,666,0.0258
GGGCCAACTCCAAG-1,2440.0,843,0.0184
GGGCCATGATGGTC-1,2486.0,857,0.0334
GGGCCATGTTGACG-1,2262.0,887,0.0164
GGGTAACTCAGCTA-1,3430.0,1082,0.0207
GGGTAACTCTAGTG-1,1773.0,656,0.0152
GGGTAACTCTGGAT-1,1948.0,674,0.0195
GGGTTAACGTGCAT-1,1815.0,911,0.0165
GGTAAAGAGCTAAC-1,1614.0,734,0.0316
GGTACAACTGCAAC-1,2655.0,910,0.0068
GGTACATGAAAGCA-1,1699.0,672,0.0218
GGTACATGAGCTCA-1,1753.0,802,0.0091
GGTACATGCGGTAT-1,1373.0,539,0.0175
GGTACATGGTTACG-1,1930.0,699,0.0145
GGTACATGTGGGAG-1,2747.0,941,0.0233
GGTACTGAACTCTT-1,2050.0,828,0.0283
GGTAGTACACCACA-1,2290.0,800,0.0262
GGTAGTACACTAGC-1,1655.0,642,0.0302
GGTAGTACCCTGTC-1,2091.0,733,0.0196
GGTAGTACGCCATA-1,1347.0,607,0.0156
GGTAGTACTGTCTT-1,2748.0,992,0.0124
GGTATCGAGACAAA-1,809.0,379,0.0185
GGTATCGATGAACC-1,1508.0,562,0.0206
GGTCAAACCAAAGA-1,2392.0,847,0.0113
GGTCTAGAGAAACA-1,2333.0,787,0.0283
GGTCTAGATAGCGT-1,4661.0,1461,0.012
GGTGATACCGACTA-1,1698.0,732,0.0247
GGTGATACGACTAC-1,2717.0,941,0.0144
GGTGATACTGTTTC-1,2084.0,785,0.012
GGTGGAGAAACGGG-1,1397.0,696,0.0172
GGTGGAGAAGTAGA-1,1898.0,795,0.0169
GGTGGAGACAGATC-1,1440.0,809,0.0201
GGTGGAGATCGATG-1,2297.0,828,0.0209
GGTGGAGATCTCTA-1,1836.0,651,0.0245
GGTGGAGATTACTC-1,2454.0,882,0.0102
GGTTTACTACGCAT-1,2346.0,972,0.0226
GTAACGTGACCTCC-1,4523.0,1323,0.0179
GTAACGTGATCGGT-1,1887.0,679,0.0244
GTAACGTGCAGCTA-1,2109.0,774,0.0161
GTAACGTGGTTGAC-1,2307.0,784,0.0208
GTAAGCACAACGGG-1,2030.0,766,0.0084
GTAAGCACTCATTC-1,1138.0,520,0.0211
GTAAGCTGGTACCA-1,1450.0,671,0.029
GTAATAACCTTCTA-1,2208.0,796,0.0358
GTAATAACGTTGTG-1,2118.0,644,0.0255
GTACCCTGACAGTC-1,5050.0,1549,0.016
GTACCCTGGAGCTT-1,2350.0,756,0.0166
GTACCCTGTCCTTA-1,1631.0,723,0.0184
GTACCCTGTGAACC-1,2511.0,788,0.0247
GTACGTGAACGTTG-1,1742.0,643,0.0281
GTACTTTGTCGACA-1,2420.0,856,0.026
GTAGACTGAGATGA-1,2139.0,825,0.0281
GTAGACTGTATTCC-1,2008.0,730,0.011
GTAGCAACAGTCGT-1,2232.0,831,0.0197
GTAGCAACCATTTC-1,1657.0,653,0.0338
GTAGCAACGGTAGG-1,955.0,429,0.0042
GTAGCATGCACTCC-1,1680.0,641,0.0244
GTAGCATGTAAGCC-1,1544.0,637,0.0415
GTAGCCCTGACGTT-1,2453.0,812,0.0322
GTAGCTGAAGCTAC-1,5103.0,1527,0.0272
GTAGCTGAATTCGG-1,2430.0,859,0.0222
GTAGGTACACGGGA-1,2858.0,972,0.0171
GTAGTGACCTCATT-1,2328.0,744,0.0176
GTAGTGTGAGCGGA-1,2056.0,869,0.0156
GTAGTGTGAGGCGA-1,1148.0,508,0.0235
GTAGTGTGTGGTTG-1,1969.0,624,0.0086
GTATCACTGGTAGG-1,2503.0,923,0.0276
GTATCTACAGAAGT-1,2285.0,976,0.0197
GTATCTACGACGAG-1,1939.0,801,0.017
GTATCTACGTTACG-1,2808.0,1014,0.0303
GTATTAGAAACAGA-1,3490.0,1429,0.0143
GTATTAGAGGTCTA-1,1410.0,586,0.0142
GTATTCACACAGCT-1,1806.0,692,0.0299
GTATTCACGGGTGA-1,1741.0,704,0.0213
GTCAACGACACTGA-1,3629.0,1176,0.0179
GTCAACGAGTGTAC-1,2148.0,806,0.0186
GTCAACGATCAGGT-1,555.0,324,0.0667
GTCAATCTACACCA-1,2273.0,883,0.0242
GTCAATCTGTAGCT-1,3336.0,1249,0.0321
GTCAATCTTGTGGT-1,2261.0,765,0.0066
GTCACCTGCCTCCA-1,2127.0,743,0.0103
GTCACCTGTCCCGT-1,2796.0,907,0.0243
GTCATACTAATCGC-1,1610.0,666,0.0298
GTCATACTGCGATT-1,1457.0,669,0.0069
GTCATACTTCGCCT-1,984.0,364,0.0295
GTCATACTTTACCT-1,1861.0,794,0.0188
GTCATACTTTGACG-1,2738.0,959,0.0117
GTCCAAGAAAAACG-1,2261.0,766,0.0133
GTCCACTGACCTCC-1,3332.0,937,0.0117
GTCCACTGGGTACT-1,4417.0,1398,0.0278
GTCCAGCTACGGGA-1,2634.0,942,0.0125
GTCCCATGTGGTGT-1,4746.0,1469,0.0253
GTCGAATGAAGGCG-1,2120.0,905,0.0222
GTCGACCTGAATGA-1,1550.0,812,0.0206
GTCGACCTGTTCAG-1,1836.0,572,0.0196
GTCGCACTTGAGAA-1,4067.0,1378,0.0165
GTCTAACTGGTCTA-1,3369.0,1058,0.0288
GTCTAGGAGCTTCC-1,3654.0,1215,0.0211
GTGAACACACTCTT-1,2218.0,697,0.0135
GTGAACACAGATCC-1,871.0,424,0.1045
GTGAACACTCAGGT-1,1244.0,531,0.0096
GTGACCCTTAAGCC-1,1896.0,676,0.0153
GTGATGACAAGTGA-1,6333.0,1819,0.0212
GTGATGACCTGAGT-1,1096.0,503,0.0201
GTGATGACGGTTTG-1,2084.0,801,0.0245
GTGATTCTCATTTC-1,2569.0,943,0.0093
GTGATTCTCTCTCG-1,2597.0,874,0.0266
GTGATTCTGGTTCA-1,1657.0,813,0.0169
GTGATTCTGTCGAT-1,1991.0,694,0.0181
GTGATTCTTAGCGT-1,1344.0,494,0.0246
GTGCCACTCAGGAG-1,1897.0,660,0.009
GTGGATTGCACTAG-1,4561.0,1467,0.0322
GTGGATTGCGGAGA-1,2774.0,976,0.0227
GTGGATTGTAACGC-1,2765.0,833,0.0188
GTGTACGATCAGTG-1,1979.0,689,0.0167
GTGTAGTGGGTACT-1,2627.0,921,0.0274
GTGTATCTAGCCTA-1,1434.0,625,0.0244
GTGTATCTAGTAGA-1,4444.0,1428,0.0205
GTGTATCTGTTACG-1,2122.0,817,0.016
GTGTCAGAAGCGTT-1,2056.0,909,0.0209
GTGTCAGAATGCTG-1,750.0,326,0.06
GTTAAAACCGAGAG-1,2019.0,956,0.0084
GTTAAAACTTCGCC-1,2059.0,676,0.0505
GTTAAATGCTCGAA-1,2651.0,765,0.0226
GTTAAATGTCGACA-1,3783.0,1207,0.0196
GTTAACCTAGCTAC-1,2450.0,829,0.0269
GTTAACCTTGCTTT-1,6102.0,1648,0.0162
GTTAGGTGCACTCC-1,1391.0,554,0.0352
GTTAGGTGCCAGTA-1,4975.0,1500,0.0267
GTTAGGTGCCCAAA-1,2189.0,953,0.0059
GTTAGGTGGAACTC-1,1653.0,647,0.0175
GTTAGTCTAAGAAC-1,1154.0,537,0.0433
GTTATAGAGGACAG-1,2053.0,786,0.0161
GTTATGCTTTCATC-1,2431.0,814,0.0189
GTTCAACTGGGACA-1,1503.0,761,0.0213
GTTCAACTTATGCG-1,2657.0,862,0.0222
GTTGACGAGCCCTT-1,1899.0,838,0.0095
GTTGACGATATCGG-1,2264.0,1102,0.0194
GTTGAGTGGTCTTT-1,4397.0,1392,0.0107
GTTGAGTGTGCTTT-1,3840.0,1042,0.0195
GTTGATCTGGGACA-1,944.0,372,0.0042
GTTGATCTTTTCAC-1,2461.0,971,0.0215
GTTGGATGTTTACC-1,4438.0,1364,0.0252
GTTGTACTATTCCT-1,3103.0,1137,0.0197
GTTGTACTTTTGGG-1,2404.0,847,0.0225
GTTTAAGACCATGA-1,2598.0,935,0.0227
GTTTAAGACTGTCC-1,1584.0,710,0.0221
TAAACAACCAACCA-1,3425.0,1070,0.0187
TAAACAACGAATCC-1,2818.0,914,0.0106
TAAAGACTCAGGAG-1,2375.0,855,0.0152
TAAATCGATGAGGG-1,2036.0,759,0.0192
TAACAATGTGCCCT-1,1343.0,654,0.0156
TAACACCTTCGCTC-1,2755.0,981,0.0145
TAACACCTTCGTAG-1,3283.0,1193,0.0177
TAACACCTTGTTTC-1,1004.0,397,0.011
TAACATGACACTAG-1,3390.0,1123,0.0195
TAACCGGACTTACT-1,2009.0,616,0.0134
TAACGTCTCAACCA-1,1931.0,747,0.0218
TAACGTCTCATTGG-1,2567.0,876,0.0214
TAACTAGAATTTCC-1,2538.0,949,0.0142
TAACTAGACTTAGG-1,2921.0,965,0.0202
TAACTAGATCTGGA-1,2348.0,789,0.0145
TAACTCACGAGGAC-1,1922.0,752,0.0406
TAACTCACGTACAC-1,2011.0,717,0.0264
TAACTCACGTATCG-1,3807.0,1198,0.0194
TAACTCACTCTACT-1,2227.0,952,0.0301
TAAGAACTGTGTCA-1,1730.0,625,0.0376
TAAGAGGACTAAGC-1,2019.0,784,0.0213
TAAGAGGACTTGTT-1,2061.0,914,0.0155
TAAGATACCCACAA-1,1199.0,534,0.0542
TAAGATACGGTTCA-1,1465.0,659,0.0096
TAAGATTGCGTAGT-1,2789.0,913,0.0158
TAAGATTGTTGCTT-1,2289.0,863,0.0127
TAAGCGTGAGGTTC-1,2838.0,959,0.0229
TAAGCGTGGACAAA-1,5192.0,1637,0.0206
TAAGCGTGGGAAAT-1,2330.0,796,0.0116
TAAGCGTGTGCTCC-1,4978.0,1508,0.0223
TAAGGCTGCCATGA-1,2361.0,906,0.025
TAAGGCTGCTGCTC-1,2147.0,714,0.0158
TAAGGCTGTCTCGC-1,3420.0,1195,0.0213
TAAGGGCTGCTGTA-1,1852.0,867,0.0135
TAAGGGCTTTACTC-1,2208.0,819,0.0322
TAAGTAACCGAGAG-1,702.0,375,0.0271
TAAGTAACCTCCAC-1,1740.0,656,0.0333
TAAGTAACCTGTAG-1,3397.0,1047,0.0277
TAAGTAACTTGTCT-1,2113.0,745,0.0293
TAATGATGAGCGGA-1,2768.0,866,0.0155
TAATGCCTCATGAC-1,4189.0,1186,0.0095
TAATGCCTCGTCTC-1,4213.0,1669,0.0197
TAATGTGAAGATGA-1,1314.0,539,0.0145
TAATGTGACTGCAA-1,2532.0,942,0.0217
TAATGTGATTACTC-1,2326.0,839,0.0284
TACAAATGGGTACT-1,2547.0,927,0.022
TACAATGAAAACAG-1,1995.0,796,0.016
TACAATGACTTAGG-1,1948.0,734,0.0169
TACAATGATGCTAG-1,2466.0,831,0.0328
TACACACTCACACA-1,3128.0,967,0.023
TACACACTCTTACT-1,1246.0,620,0.0321
TACATAGAACGCAT-1,2223.0,814,0.0355
TACATCACACGGGA-1,1622.0,605,0.0166
TACATCACCTGTTT-1,4202.0,1391,0.0369
TACATCACGCTAAC-1,1795.0,655,0.0178
TACATCACTGAACC-1,4605.0,1512,0.0128
TACCATTGAGGTTC-1,1535.0,625,0.015
TACCATTGCGGGAA-1,2071.0,719,0.0309
TACCATTGGGGATG-1,1425.0,547,0.0232
TACCATTGTGAGGG-1,2349.0,864,0.037
TACCGGCTGTTGGT-1,2809.0,902,0.0278
TACGAGTGATCTCT-1,2692.0,853,0.0186
TACGAGTGATGCTG-1,3689.0,1143,0.0201
TACGAGTGCGGAGA-1,2265.0,990,0.0172
TACGAGTGGTTGGT-1,2222.0,858,0.0185
TACGATCTAGTGTC-1,1422.0,604,0.0274
TACGATCTCACTGA-1,4206.0,1291,0.0235
TACGATCTTACGAC-1,1686.0,701,0.0279
TACGCAGACGTCTC-1,720.0,340,0.1042
TACGCAGAGAATCC-1,2121.0,859,0.008
TACGCCACATTCCT-1,1967.0,768,0.0061
TACGCCACTCCCAC-1,5289.0,1621,0.0316
TACGCCACTCCGAA-1,1857.0,715,0.021
TACGCGCTCTTCTA-1,1474.0,642,0.0536
TACGGAACGCGTTA-1,1380.0,594,0.0225
TACGGCCTGGGACA-1,1557.0,783,0.0173
TACGGCCTGTCCTC-1,1025.0,419,0.0546
TACGTACTACGGAG-1,5282.0,1608,0.015
TACGTACTCAGTTG-1,2993.0,927,0.0164
TACGTACTCCCGTT-1,1937.0,740,0.0191
TACGTTACAGAAGT-1,2256.0,805,0.0142
TACGTTACCAAGCT-1,1701.0,705,0.0253
TACTAAGAAAGGTA-1,988.0,491,0.0142
TACTAAGAATCACG-1,1219.0,514,0.0312
TACTAAGATGATGC-1,1864.0,768,0.0231
TACTAAGATTGCGA-1,2551.0,880,0.0149
TACTACACGAGAGC-1,3236.0,993,0.0093
TACTACACTTACCT-1,750.0,356,0.0373
TACTACTGAACCTG-1,1831.0,748,0.0169
TACTACTGATGTCG-1,2304.0,993,0.0156
TACTACTGATTCTC-1,2383.0,801,0.013
TACTACTGTATGGC-1,2843.0,843,0.0285
TACTCAACGGTCTA-1,3741.0,1194,0.0139
TACTCAACTGCTAG-1,2242.0,794,0.0294
TACTCCCTCAGTTG-1,1556.0,606,0.0116
TACTCTGAATCGAC-1,1986.0,810,0.0181
TACTCTGACGAGTT-1,2524.0,882,0.0186
TACTCTGATTGACG-1,1492.0,682,0.0154
TACTGGGATCGATG-1,3823.0,1126,0.0157
TACTGTTGAAAGCA-1,1991.0,792,0.0181
TACTGTTGAGGCGA-1,1701.0,829,0.0276
TACTGTTGCTGAAC-1,5201.0,1657,0.0319
TACTTGACTCCTCG-1,1705.0,786,0.0164
TACTTGACTGGTGT-1,1599.0,610,0.0194
TACTTTCTTTTGGG-1,1591.0,664,0.0415
TAGAAACTAATCGC-1,2208.0,790,0.0122
TAGAAACTGCTTCC-1,2211.0,852,0.0235
TAGAAACTGGGATG-1,1371.0,678,0.0131
TAGAATTGCGACAT-1,1742.0,589,0.0212
TAGAATTGTATCGG-1,3222.0,930,0.0205
TAGACGTGCTTGAG-1,1986.0,690,0.0337
TAGACGTGTCGCTC-1,2593.0,840,0.01
TAGAGCACCTTACT-1,1444.0,647,0.0201
TAGATTGACTTGTT-1,1594.0,622,0.0345
TAGATTGAGGCATT-1,813.0,427,0.0221
TAGCATCTCAGCTA-1,1700.0,856,0.0124
TAGCATCTCCCTCA-1,1138.0,522,0.0264
TAGCATCTGCTGTA-1,3628.0,1262,0.0223
TAGCATCTGGGACA-1,2069.0,722,0.0203
TAGCATCTTGTCGA-1,1753.0,641,0.0148
TAGCCCACAAAAGC-1,3164.0,997,0.0133
TAGCCCACAGCCAT-1,2261.0,983,0.0221
TAGCCCACAGCTAC-1,2171.0,1099,0.029
TAGCCCACCCACAA-1,1986.0,607,0.0222
TAGCCCTGCGGAGA-1,2044.0,704,0.0489
TAGCCGCTTACGAC-1,2796.0,947,0.0125
TAGCCGCTTACTTC-1,2301.0,886,0.0174
TAGCCGCTTTCCAT-1,3331.0,1062,0.0225
TAGCTACTGAATAG-1,1645.0,659,0.0116
TAGCTACTGTAGCT-1,2915.0,995,0.0127
TAGCTACTTTTGCT-1,1079.0,492,0.0269
TAGGACTGTGCTGA-1,1709.0,754,0.0298
TAGGAGCTAAGGCG-1,2038.0,676,0.0309
TAGGAGCTGAGGGT-1,2596.0,837,0.0185
TAGGAGCTTGCATG-1,1163.0,532,0.0077
TAGGCAACCGTCTC-1,1691.0,598,0.0171
TAGGCATGCTCTCG-1,3106.0,1274,0.0135
TAGGCATGGCGAGA-1,2403.0,921,0.0121
TAGGCTGATGCCTC-1,1640.0,700,0.0146
TAGGGACTGAACTC-1,1919.0,828,0.0276
TAGGTCGACACTGA-1,2469.0,828,0.0219
TAGGTCGAGGATCT-1,1221.0,543,0.0205
TAGGTGACACACTG-1,1991.0,815,0.0367
TAGGTGACACGTTG-1,1889.0,709,0.0386
TAGGTGTGTTCTGT-1,1726.0,842,0.0301
TAGGTTCTGAAGGC-1,3539.0,1200,0.0189
TAGGTTCTTCTTAC-1,3246.0,1126,0.0246
TAGGTTCTTGCTGA-1,3808.0,1327,0.0181
TAGTAAACCTCGCT-1,2781.0,849,0.0191
TAGTAAACGTCACA-1,4046.0,1160,0.0213
TAGTAATGAGATCC-1,1814.0,707,0.0083
TAGTACCTAAGAAC-1,1663.0,675,0.0186
TAGTATGATCTTAC-1,1833.0,709,0.0306
TAGTATGATTCTCA-1,3358.0,990,0.0203
TAGTCTTGGCTGTA-1,652.0,270,0.0
TAGTCTTGGGACTT-1,945.0,445,0.0169
TAGTCTTGTGGAAA-1,2207.0,892,0.0353
TAGTGGTGAAGTGA-1,2006.0,1040,0.0359
TAGTTAGAACCACA-1,1737.0,832,0.0155
TAGTTAGATGAACC-1,2217.0,815,0.0153
TATAAGACAACAGA-1,982.0,437,0.0489
TATAAGACAGCTCA-1,4150.0,1401,0.0219
TATAAGTGACACCA-1,3900.0,1341,0.0431
TATAAGTGTATCGG-1,973.0,480,0.0164
TATAAGTGTGGTGT-1,4913.0,1517,0.0244
TATACAGAACCCTC-1,1976.0,704,0.0238
TATACAGAAGAACA-1,1662.0,622,0.0156
TATACAGATCCAGA-1,2249.0,823,0.0182
TATACCACCTGATG-1,1972.0,731,0.034
TATACGCTACCAAC-1,2144.0,781,0.0149
TATAGATGGACGGA-1,2088.0,849,0.0144
TATAGATGTTCCGC-1,3650.0,1209,0.0315
TATCACTGACTGTG-1,1289.0,511,0.0551
TATCCAACCAGCTA-1,1074.0,472,0.0149
TATCCAACTCTCTA-1,1973.0,838,0.0274
TATCGACTACTAGC-1,1478.0,643,0.025
TATCGACTCGATAC-1,3151.0,1101,0.026
TATCGTACAGATGA-1,2185.0,879,0.0252
TATCGTACATTCCT-1,2324.0,895,0.0241
TATCTCGAGAGATA-1,1174.0,408,0.0136
TATCTGACAGGTTC-1,1888.0,832,0.0249
TATCTGACTGTTTC-1,2662.0,845,0.0128
TATCTTCTAAACAG-1,3051.0,928,0.0206
TATGAATGGAGGAC-1,2033.0,920,0.0103
TATGAATGTTTGCT-1,3725.0,1269,0.0258
TATGCGGATAACCG-1,1373.0,652,0.0335
TATGGGTGCATCAG-1,3551.0,1463,0.0118
TATGGGTGCTAGCA-1,2023.0,840,0.0232
TATGGTCTCTACCC-1,1898.0,706,0.0248
TATGTCACGGAACG-1,3336.0,956,0.0255
TATGTCACTAACCG-1,3467.0,1219,0.0182
TATGTCACTTCTCA-1,1388.0,612,0.0295
TATGTGCTCCGATA-1,2912.0,970,0.0165
TATGTGCTGGATTC-1,2276.0,789,0.0083
TATTGCTGAAGAAC-1,805.0,382,0.0385
TATTGCTGCCGTTC-1,1289.0,533,0.0489
TATTGCTGTCTGGA-1,2093.0,627,0.021
TATTGCTGTGCACA-1,780.0,388,0.0308
TATTTCCTATTGGC-1,1638.0,655,0.0189
TATTTCCTGGAGGT-1,2265.0,1103,0.0181
TATTTCCTGGTGTT-1,2209.0,782,0.0091
TCAACACTGTTTGG-1,2765.0,1231,0.0242
TCAAGGACAGCGTT-1,1738.0,617,0.015
TCAAGGACATTCTC-1,1218.0,589,0.0181
TCAAGGACGGTGTT-1,2074.0,758,0.0101
TCAATCACACTCTT-1,2134.0,882,0.0276
TCAATCACAGTCGT-1,2583.0,909,0.0321
TCACAACTATGTGC-1,1839.0,661,0.0196
TCACAACTTTGCTT-1,1300.0,558,0.0338
TCACATACACTTTC-1,2580.0,947,0.0159
TCACATACAGGGTG-1,1203.0,491,0.0166
TCACCCGAGACGGA-1,4220.0,1386,0.0216
TCACCGTGCTCGCT-1,4576.0,1481,0.035
TCACCTCTACGACT-1,2131.0,823,0.0361
TCACCTCTTCCAAG-1,2765.0,1064,0.0257
TCACGAGAGGAGGT-1,1644.0,681,0.0195
TCACTATGGGGCAA-1,1431.0,652,0.0189
TCACTATGGTTGTG-1,808.0,363,0.0062
TCAGACGACGCTAA-1,2309.0,824,0.0126
TCAGACGACGTTAG-1,2038.0,933,0.0191
TCAGAGACTCCAGA-1,2093.0,611,0.0148
TCAGCAGACTCCAC-1,2640.0,886,0.011
TCAGCGCTCTAGTG-1,1781.0,806,0.027
TCAGCGCTGGATCT-1,1276.0,531,0.0204
TCAGCGCTGGTATC-1,2363.0,864,0.03
TCAGGATGAAGTAG-1,1623.0,648,0.0123
TCAGGATGCCTTTA-1,3122.0,1142,0.0259
TCAGTGGAAGATCC-1,1688.0,736,0.019
TCAGTTACCTACGA-1,2574.0,955,0.0268
TCAGTTACTAGAAG-1,2239.0,826,0.0125
TCATCAACCCGATA-1,2340.0,725,0.0222
TCATCAACTGTTCT-1,4052.0,1174,0.0274
TCATCATGCAGTTG-1,2220.0,841,0.0135
TCATCCCTTACTGG-1,2834.0,1006,0.0138
TCATTCGATACAGC-1,4631.0,1418,0.0298
TCCACGTGGAAACA-1,3201.0,955,0.0159
TCCACTCTACACTG-1,2049.0,829,0.0068
TCCACTCTGAGCTT-1,3186.0,1038,0.0251
TCCACTCTTACTTC-1,1502.0,632,0.0073
TCCATAACAAAGTG-1,2226.0,750,0.0225
TCCATAACCGTAGT-1,2093.0,846,0.01
TCCATAACGATGAA-1,2555.0,1033,0.016
TCCATAACTACGCA-1,2497.0,859,0.0176
TCCATCCTCCCTAC-1,2010.0,890,0.0214
TCCCACGATCATTC-1,2636.0,893,0.0106
TCCCATCTCAAAGA-1,3217.0,1030,0.0199
TCCCGAACACAGTC-1,1722.0,913,0.0354
TCCCGAACTTCGCC-1,4180.0,1385,0.0242
TCCCGATGAGATCC-1,1773.0,750,0.0209
TCCCGATGCCTGAA-1,810.0,416,0.021
TCCCGATGCTGTGA-1,1888.0,740,0.0524
TCCCTACTCAACTG-1,1717.0,703,0.0146
TCCGAAGACAATCG-1,1103.0,522,0.0163
TCCGAAGACGTTAG-1,2866.0,856,0.0174
TCCGGACTGAGGTG-1,2387.0,914,0.0088
TCCGGACTGTACGT-1,1942.0,742,0.0263
TCCTAAACATCGAC-1,893.0,381,0.0078
TCCTAAACCGAGAG-1,3321.0,1079,0.0265
TCCTAAACCGCATA-1,1386.0,671,0.0216
TCCTAATGGTTTGG-1,2660.0,1101,0.0169
TCCTACCTGTCGTA-1,2508.0,858,0.0104
TCCTATGAAAAGCA-1,1545.0,663,0.022
TCGAATCTCTGGTA-1,1305.0,581,0.0238
TCGACCTGCCGATA-1,2173.0,845,0.0147
TCGACGCTTCTATC-1,2541.0,881,0.0102
TCGACGCTTTGACG-1,2196.0,823,0.0319
TCGAGAACGACAGG-1,2496.0,835,0.0433
TCGAGAACGTTAGC-1,3384.0,1290,0.016
TCGAGCCTATCAGC-1,1489.0,598,0.0222
TCGAGCCTGCGAGA-1,3237.0,1130,0.0244
TCGAGCCTTGTGAC-1,2608.0,793,0.0334
TCGATACTATTCCT-1,2486.0,838,0.0137
TCGATACTTGCACA-1,1825.0,765,0.0214
TCGATTTGATGCCA-1,2116.0,768,0.0118
TCGATTTGCACTCC-1,2506.0,815,0.0108
TCGATTTGCAGCTA-1,1686.0,810,0.0237
TCGATTTGCCTACC-1,2281.0,912,0.0281
TCGATTTGTCGTGA-1,2737.0,818,0.0186
TCGCACACCATCAG-1,891.0,468,0.0763
TCGCAGCTAGATCC-1,2098.0,790,0.0238
TCGCCATGAGACTC-1,1864.0,665,0.0177
TCGCCATGTGGTCA-1,1582.0,703,0.0177
TCGGACCTAACAGA-1,2910.0,875,0.0113
TCGGACCTATAAGG-1,1368.0,657,0.0117
TCGGACCTGTACAC-1,5600.0,1567,0.0143
TCGGTAGAGTAGGG-1,2104.0,688,0.0152
TCGGTAGATCCCAC-1,2177.0,749,0.0175
TCGTAGGATCGACA-1,2905.0,1076,0.0313
TCGTGAGAACTGTG-1,649.0,326,0.0724
TCGTTATGGACAAA-1,2162.0,782,0.0125
TCTAACACCAGTTG-1,1090.0,543,0.0367
TCTAACACGAGCAG-1,3182.0,1100,0.016
TCTAACTGAACCAC-1,2303.0,841,0.0265
TCTAAGCTAATGCC-1,2515.0,809,0.0127
TCTAAGCTTAGTCG-1,1791.0,789,0.0179
TCTAAGCTTCTAGG-1,3782.0,1263,0.0169
TCTAAGCTTGTTCT-1,2052.0,758,0.0249
TCTAAGCTTTCGCC-1,686.0,368,0.0087
TCTACAACGACTAC-1,2564.0,1022,0.0226
TCTAGACTTAGAAG-1,1834.0,730,0.0371
TCTAGTTGCACCAA-1,3303.0,1101,0.0133
TCTATGTGAAGAGT-1,1131.0,478,0.0168
TCTATGTGAGTCTG-1,951.0,488,0.0294
TCTCAAACCTAAGC-1,1479.0,618,0.0169
TCTCTAGAATTTCC-1,2723.0,940,0.0121
TCTGATACACGTGT-1,2225.0,771,0.0207
TCTGATACTCGCCT-1,2451.0,784,0.0335
TCTTACGAACCTGA-1,2156.0,847,0.025
TCTTCAGAGCTACA-1,3625.0,1303,0.0196
TCTTGATGCGGAGA-1,2273.0,821,0.022
TGAAATTGGTGAGG-1,3348.0,1111,0.0248
TGAACCGAAAACGA-1,2185.0,752,0.0261
TGAACCGACTACTT-1,2913.0,1128,0.0144
TGAACCGATTCGGA-1,2871.0,958,0.0202
TGAAGCACTCACGA-1,1917.0,742,0.0256
TGAAGCTGAACGAA-1,2514.0,782,0.0211
TGAAGCTGAGACTC-1,609.0,279,0.0608
TGAAGCTGCATGGT-1,2029.0,824,0.0192
TGAAGCTGCGTAAC-1,2178.0,751,0.0239
TGAATAACCACTTT-1,2591.0,872,0.0174
TGAATAACTCCCAC-1,2142.0,939,0.0453
TGACACGACCTTAT-1,1510.0,606,0.0192
TGACCAGACAACCA-1,1800.0,698,0.0111
TGACCAGAGGATTC-1,1923.0,705,0.0244
TGACCGCTAAAAGC-1,3021.0,963,0.0142
TGACCGCTCTGCAA-1,1926.0,607,0.0161
TGACGATGCAAAGA-1,1634.0,621,0.0171
TGACGCCTGTACCA-1,5159.0,1650,0.0297
TGACGCCTTTACTC-1,2613.0,1093,0.0088
TGACTGGAAGAGAT-1,1442.0,545,0.0222
TGACTGGACCGTAA-1,1494.0,670,0.0047
TGACTGGACGCAAT-1,1756.0,617,0.0165
TGACTGGAGGACAG-1,1852.0,723,0.0216
TGACTGGATTCTCA-1,4076.0,1194,0.0196
TGACTTACACACCA-1,3324.0,1019,0.009
TGACTTACAGTCTG-1,4136.0,1291,0.0191
TGACTTTGCGCATA-1,2348.0,758,0.0136
TGACTTTGTTTGTC-1,2289.0,855,0.0157
TGAGACACAAGGTA-1,5138.0,1549,0.0132
TGAGACACTCAAGC-1,1816.0,743,0.0396
TGAGACACTGTGCA-1,769.0,411,0.065
TGAGCTGAATGCTG-1,4165.0,1372,0.0204
TGAGCTGACTGGAT-1,2132.0,802,0.0328
TGAGCTGAGCGAGA-1,664.0,280,0.0542
TGAGCTGATGCTAG-1,661.0,337,0.0333
TGAGGACTCTCATT-1,3669.0,1121,0.0403
TGAGGACTTCATTC-1,3089.0,1028,0.0185
TGAGGTACGAACCT-1,4755.0,1524,0.0286
TGAGTCGAGTTACG-1,1377.0,645,0.0247
TGAGTGACTGAGCT-1,2457.0,847,0.0191
TGATAAACGAATCC-1,2519.0,866,0.0214
TGATAAACTCCGTC-1,2068.0,941,0.0179
TGATAAACTTTCAC-1,1922.0,751,0.0182
TGATACCTCACTAG-1,1506.0,583,0.0133
TGATACCTGTTGGT-1,2216.0,796,0.0153
TGATACCTTATGCG-1,2264.0,793,0.0234
TGATACCTTGAAGA-1,3063.0,975,0.0127
TGATATGAACCTTT-1,2958.0,936,0.0172
TGATCACTAGCATC-1,1110.0,524,0.0459
TGATCACTCTCGCT-1,1843.0,659,0.0244
TGATCACTTCTACT-1,1756.0,607,0.0268
TGATCGGACTGACA-1,4211.0,1433,0.0363
TGATCGGAGGAGCA-1,1352.0,562,0.0126
TGATCGGATATGCG-1,1526.0,696,0.0367
TGATTAGACATTGG-1,2278.0,927,0.0132
TGATTAGATGACTG-1,1175.0,517,0.0298
TGATTAGATGCTAG-1,2242.0,719,0.0183
TGATTCACTATGCG-1,1901.0,599,0.0231
TGATTCACTGTCAG-1,1733.0,639,0.015
TGATTCTGCCGAAT-1,3102.0,977,0.0181
TGATTCTGCTCTTA-1,2820.0,1019,0.0138
TGCAAGTGAGAACA-1,2063.0,816,0.0291
TGCAAGTGGGTAGG-1,1705.0,672,0.0182
TGCAATCTTCAGGT-1,6317.0,1903,0.0169
TGCACAGACGACAT-1,2463.0,1162,0.028
TGCCAAGAGCAGTT-1,2914.0,964,0.0161
TGCCAAGATCTCTA-1,3094.0,936,0.0175
TGCCACTGAACGTC-1,2656.0,947,0.0075
TGCCACTGCGATAC-1,1949.0,989,0.0128
TGCCAGCTTGGCAT-1,2184.0,790,0.0137
TGCCCAACAGCAAA-1,2794.0,902,0.0122
TGCCCAACCGCATA-1,2799.0,982,0.0325
TGCCGACTCTCCCA-1,1904.0,673,0.0221
TGCGAAACAGTCAC-1,2339.0,856,0.0248
TGCGAAACGTTGCA-1,1420.0,629,0.0324
TGCGATGAACGGTT-1,1829.0,692,0.023
TGCGATGACCTCGT-1,2220.0,843,0.0203
TGCGATGACTAGTG-1,2846.0,940,0.019
TGCGATGACTGCTC-1,2314.0,795,0.0194
TGCGATGACTTGCC-1,1951.0,780,0.0128
TGCGATGAGTGCTA-1,1915.0,821,0.0235
TGCGCACTCTTGAG-1,1059.0,471,0.0179
TGCGTAGAATAAGG-1,1588.0,702,0.0283
TGCGTAGACGGGAA-1,1553.0,631,0.0219
TGCGTAGATGGTCA-1,5486.0,1557,0.0277
TGCTAGGAAACCGT-1,2223.0,868,0.0243
TGCTAGGATAGTCG-1,3056.0,901,0.0173
TGCTATACGGTTCA-1,2123.0,798,0.0254
TGCTATACTGCTGA-1,2583.0,1020,0.0294
TGCTGAGAGAGCAG-1,1992.0,885,0.0341
TGCTGAGATTATCC-1,2754.0,881,0.0142
TGGAAAGACTCTCG-1,1918.0,719,0.0245
TGGAAAGAGCGATT-1,2879.0,1043,0.0115
TGGAAAGAGGTCAT-1,3494.0,1238,0.0355
TGGAAAGATATGGC-1,1647.0,565,0.0243
TGGAACACAAACAG-1,1467.0,776,0.03
TGGAACACGCTAAC-1,1655.0,696,0.0248
TGGAAGCTCAGATC-1,1931.0,725,0.0135
TGGACCCTACACTG-1,696.0,365,0.0187
TGGACCCTCATGGT-1,1912.0,811,0.0235
TGGACCCTGGTACT-1,3734.0,1212,0.0313
TGGACTGAGTATGC-1,3267.0,1178,0.0171
TGGAGACTATCAGC-1,3293.0,1132,0.0149
TGGAGACTGAAACA-1,625.0,273,0.088
TGGAGACTTCAAGC-1,2015.0,661,0.0099
TGGAGACTTGACCA-1,2131.0,831,0.0127
TGGAGGGACGGAGA-1,2106.0,786,0.0237
TGGAGGGAGCTATG-1,1147.0,471,0.0139
TGGATCGATAAAGG-1,2568.0,835,0.0097
TGGATGTGACCTAG-1,1634.0,564,0.022
TGGATGTGATGTCG-1,2588.0,913,0.0645
TGGATGTGTGAAGA-1,2635.0,929,0.019
TGGATTCTCATACG-1,2451.0,958,0.0257
TGGCAATGCTTGTT-1,1726.0,706,0.0255
TGGCAATGGAGGGT-1,2063.0,737,0.0596
TGGCACCTTCACGA-1,768.0,388,0.026
TGGCACCTTCAGTG-1,1808.0,842,0.0194
TGGGTATGAAGAGT-1,3115.0,965,0.0141
TGGGTATGCACAAC-1,3100.0,1088,0.0142
TGGGTATGGTACGT-1,1137.0,511,0.0185
TGGGTATGTTTGGG-1,2341.0,794,0.0196
TGGTAGACATGCCA-1,2963.0,900,0.0155
TGGTAGACCCTCAC-1,1802.0,865,0.0283
TGGTAGACCTGATG-1,1696.0,789,0.0112
TGGTAGTGCACTGA-1,1111.0,504,0.0117
TGGTATCTAAACAG-1,2095.0,701,0.0181
TGGTATCTCTTCCG-1,2483.0,817,0.0205
TGGTCAGACCCAAA-1,1948.0,796,0.0195
TGGTCAGACCGTTC-1,996.0,542,0.1014
TGGTTACTGACGTT-1,2738.0,972,0.0058
TGGTTACTGTTCTT-1,2611.0,906,0.0214
TGTAACCTAGAGGC-1,2765.0,871,0.0166
TGTAACCTTGCCTC-1,2337.0,922,0.03
TGTAATGACACAAC-1,1462.0,724,0.0144
TGTAATGAGGTAAA-1,1205.0,628,0.0141
TGTACTTGCTCTAT-1,4907.0,1479,0.0167
TGTAGGTGCGAGAG-1,1144.0,533,0.0315
TGTAGGTGCTATGG-1,4234.0,1101,0.0248
TGTAGGTGTGCTGA-1,2544.0,855,0.0208
TGTAGTCTTCCAGA-1,4154.0,1266,0.014
TGTAGTCTTGCACA-1,2177.0,884,0.0349
TGTATCTGTTAGGC-1,1996.0,817,0.0135
TGTATGCTCATGGT-1,1479.0,619,0.0325
TGTATGCTGTAGGG-1,1455.0,591,0.0213
TGTATGCTTTCATC-1,1968.0,685,0.0218
TGTCAGGAATACCG-1,2767.0,887,0.0318
TGTCAGGAGATGAA-1,4083.0,1336,0.0198
TGTCTAACCCCTTG-1,1978.0,656,0.0278
TGTGACGATTCTCA-1,3098.0,1227,0.0155
TGTGAGACTGTCAG-1,2666.0,980,0.0158
TGTGAGACTTGAGC-1,2447.0,817,0.0237
TGTGAGTGACCACA-1,1583.0,582,0.0316
TGTGAGTGAGTGCT-1,4110.0,1370,0.0204
TGTGAGTGGAGATA-1,969.0,460,0.0072
TGTGATCTCTCTAT-1,1690.0,638,0.0296
TGTGATCTGACACT-1,1108.0,471,0.0388
TGTGGATGGCCAAT-1,1945.0,650,0.0267
TGTTAAGACAAAGA-1,848.0,414,0.0177
TGTTAAGATAAGGA-1,2173.0,907,0.0331
TGTTAAGATTGGCA-1,598.0,308,0.0669
TGTTACACCGCATA-1,3410.0,1147,0.0185
TGTTACACGACTAC-1,1953.0,732,0.0307
TGTTACTGGCTACA-1,2483.0,992,0.0302
TGTTACTGTAGTCG-1,1772.0,801,0.0344
TTAACCACCGTAAC-1,2192.0,822,0.0274
TTAACCACTAAGGA-1,1198.0,529,0.0192
TTAACCACTCAGAC-1,1828.0,737,0.0295
TTACACACGTGTTG-1,2613.0,806,0.0157
TTACACACTCCTAT-1,2508.0,816,0.0219
TTACCATGAATCGC-1,2421.0,889,0.033
TTACCATGGTTGAC-1,4142.0,1305,0.0101
TTACCATGTGTCTT-1,1123.0,588,0.0329
TTACCATGTTGTGG-1,1548.0,657,0.0142
TTACGACTGAGAGC-1,3288.0,1154,0.0173
TTACGACTTGACAC-1,1902.0,713,0.0221
TTACGTACGTTCAG-1,947.0,326,0.0275
TTACTCGAAGAATG-1,3863.0,1129,0.0259
TTACTCGACGCAAT-1,5031.0,1603,0.0248
TTACTCGAGGGTGA-1,2549.0,879,0.0212
TTACTCGATCTACT-1,2551.0,1156,0.0172
TTAGAATGTGGTGT-1,1740.0,642,0.0172
TTAGAATGTGTAGC-1,627.0,285,0.0335
TTAGACCTCCTACC-1,2485.0,825,0.0435
TTAGACCTCCTTTA-1,2311.0,823,0.0151
TTAGCTACAACCGT-1,2101.0,719,0.0209
TTAGCTACTGTCCC-1,3703.0,1253,0.0186
TTAGCTACTTTCGT-1,2921.0,971,0.0431
TTAGGGACGCGAAG-1,2200.0,853,0.0236
TTAGGGTGCTGGAT-1,2846.0,916,0.0169
TTAGGGTGTCCTGC-1,2734.0,1053,0.0311
TTAGGTCTACTTTC-1,1106.0,515,0.0344
TTAGTCACCAGTTG-1,2674.0,1017,0.0157
TTAGTCTGAAAGCA-1,2747.0,953,0.0302
TTAGTCTGCCAACA-1,1735.0,832,0.0242
TTAGTCTGTGCACA-1,1692.0,645,0.0402
TTATCCGACTAGTG-1,1903.0,667,0.0247
TTATCCGAGAAAGT-1,4231.0,1326,0.0319
TTATGAGAGATAAG-1,1293.0,547,0.0278
TTATGCACGTCACA-1,1590.0,636,0.0182
TTATGGCTTATGGC-1,6165.0,1783,0.0221
TTATTCCTATGCTG-1,3963.0,1211,0.022
TTATTCCTGGACAG-1,2514.0,788,0.0131
TTATTCCTGGTACT-1,2496.0,807,0.0244
TTATTCCTTCGTGA-1,3207.0,1104,0.0246
TTCAAAGATAAAGG-1,2385.0,884,0.0239
TTCAACACAACAGA-1,2430.0,848,0.0119
TTCAACACCCCAAA-1,2094.0,788,0.0239
TTCAACACGGACGA-1,2584.0,1013,0.0201
TTCAAGCTAAGAAC-1,2641.0,1003,0.0261
TTCAAGCTAGATGA-1,2974.0,916,0.0235
TTCAAGCTGTTGAC-1,2375.0,818,0.0198
TTCAAGCTTCCAAG-1,740.0,406,0.0554
TTCAAGCTTGATGC-1,2404.0,828,0.0162
TTCAAGCTTTCGCC-1,2878.0,882,0.0281
TTCACAACCCGTTC-1,2526.0,959,0.0095
TTCACAACGTCTGA-1,678.0,395,0.0059
TTCAGACTACCCAA-1,789.0,368,0.0368
TTCAGACTCTCGAA-1,2264.0,787,0.0097
TTCAGTACCGACTA-1,2769.0,929,0.0173
TTCAGTACTCAAGC-1,5220.0,1379,0.0226
TTCAGTACTCCTAT-1,1850.0,711,0.0286
TTCAGTTGCCAAGT-1,2003.0,733,0.024
TTCAGTTGTCCTTA-1,1975.0,752,0.0086
TTCAGTTGTCTAGG-1,1031.0,464,0.0116
TTCAGTTGTCTCGC-1,1865.0,626,0.0177
TTCATCGAGGTGGA-1,1914.0,735,0.0146
TTCATGTGTGGTGT-1,3025.0,946,0.0185
TTCATTCTATGTCG-1,2625.0,876,0.0145
TTCATTCTTCTCTA-1,1986.0,647,0.0383
TTCCAAACCTATGG-1,1057.0,536,0.0123
TTCCAAACCTCCCA-1,2726.0,954,0.0132
TTCCAAACTCCCAC-1,793.0,486,0.0164
TTCCAAACTTGACG-1,1647.0,712,0.0298
TTCCATGACGAGAG-1,1840.0,786,0.0326
TTCCATGACTGTCC-1,1050.0,438,0.0295
TTCCCACTTGAGGG-1,1520.0,807,0.023
TTCCCACTTGTCTT-1,3163.0,1016,0.018
TTCCTAGAAAGTGA-1,1552.0,551,0.0039
TTCCTAGACTAGTG-1,1943.0,841,0.0124
TTCGAGGACTCTAT-1,2746.0,929,0.0229
TTCGAGGAGGGCAA-1,1816.0,757,0.0165
TTCGAGGATAGAAG-1,2749.0,971,0.0269
TTCGATTGAGCATC-1,1910.0,708,0.0152
TTCGGAGAATGCCA-1,1191.0,567,0.0285
TTCGGAGATGTGCA-1,2412.0,881,0.0116
TTCGTATGAAAAGC-1,1991.0,801,0.0161
TTCGTATGGATAGA-1,1983.0,873,0.0131
TTCGTATGGTCTGA-1,2258.0,805,0.0288
TTCGTATGTCCTTA-1,4348.0,1359,0.02
TTCTACGAACGTAC-1,2494.0,866,0.0132
TTCTACGAGTTGGT-1,2589.0,945,0.0124
TTCTAGTGACACGT-1,3018.0,1068,0.0103
TTCTAGTGCATGAC-1,2073.0,819,0.0357
TTCTAGTGGAGAGC-1,1586.0,815,0.0284
TTCTAGTGGTCACA-1,2832.0,1058,0.0148
TTCTCAGAAGAGAT-1,2189.0,845,0.0169
TTCTCAGAAGCATC-1,2497.0,881,0.0212
TTCTCAGATGGAGG-1,2643.0,1051,0.0072
TTCTGATGGAGACG-1,2434.0,1179,0.0189
TTCTTACTCTGGAT-1,1741.0,718,0.0224
TTGAACCTCCTTGC-1,1746.0,657,0.0149
TTGAATGAACTACG-1,2289.0,882,0.024
TTGAATGACTTACT-1,2102.0,709,0.0167
TTGAATGATCTCAT-1,2015.0,754,0.0174
TTGACACTCTGTAG-1,1943.0,735,0.0134
TTGACACTGATAAG-1,1315.0,603,0.0266
TTGAGGACAGAACA-1,2956.0,944,0.0291
TTGAGGACTACGCA-1,6344.0,1794,0.0244
TTGAGGTGGACGGA-1,2011.0,712,0.0104
TTGCATTGAGCTAC-1,1991.0,721,0.0176
TTGCATTGCTAAGC-1,3248.0,1097,0.0499
TTGCATTGTGACTG-1,2441.0,813,0.0172
TTGCTAACACCAAC-1,1921.0,788,0.0213
TTGCTAACACGCTA-1,2576.0,917,0.0198
TTGCTAACCACTCC-1,1943.0,656,0.0226
TTGCTATGGTACGT-1,3109.0,1104,0.0206
TTGCTATGGTAGGG-1,3406.0,1268,0.0241
TTGGAGACCAATCG-1,4166.0,1239,0.0118
TTGGAGACGCTATG-1,2662.0,862,0.024
TTGGAGACTATGGC-1,1779.0,739,0.0287
TTGGGAACTGAACC-1,2652.0,858,0.0211
TTGGTACTACTGGT-1,3268.0,1066,0.0285
TTGGTACTCTTAGG-1,2928.0,752,0.0174
TTGGTACTGAATCC-1,1855.0,615,0.0253
TTGGTACTGGATTC-1,1883.0,721,0.0191
TTGTACACGTTGTG-1,1537.0,571,0.0377
TTGTACACTTGCAG-1,2260.0,861,0.0137
TTGTAGCTAGCTCA-1,2519.0,933,0.0222
TTGTAGCTCTCTTA-1,2136.0,807,0.0262
TTGTCATGGACGGA-1,2178.0,1082,0.0184
TTTAGAGATCCTCG-1,2362.0,820,0.0135
TTTAGCTGATACCG-1,2756.0,887,0.0229
TTTAGCTGGATACC-1,2454.0,850,0.011
TTTAGCTGTACTCT-1,5678.0,1567,0.0211
TTTAGGCTCCTTTA-1,1984.0,803,0.0232
TTTATCCTGTTGTG-1,3680.0,1156,0.013
TTTCACGAGGTTCA-1,2037.0,721,0.0133
TTTCAGTGGAAGGC-1,1781.0,692,0.0152
TTTCAGTGTCACGA-1,1634.0,700,0.0343
TTTCAGTGTCTATC-1,937.0,458,0.0245
TTTCAGTGTGCAGT-1,1322.0,637,0.0189
TTTCCAGAGGTGAG-1,2187.0,873,0.0069
TTTCGAACACCTGA-1,4460.0,1544,0.013
TTTCGAACTCTCAT-1,3461.0,1155,0.0211
TTTCTACTGAGGCA-1,3447.0,1227,0.0093
TTTCTACTTCCTCG-1,1684.0,622,0.022
TTTGCATGAGAGGC-1,1024.0,454,0.0205
TTTGCATGCCTCAC-1,1985.0,724,0.0081
